run,case_code,sources_cleared,total_virtual_s,seconds_per_source,move_s,measure_s,switch_s,optical_s,laser_s,actions,program_s,stations,q3_policy_sha,q4_policy_sha
q3_20260913_005129_7f78d141,,15,3328.029,221.87,2520.0,620.0,113.0,45.0,30.0,141,1.6,7,d12fa3a5,3de0e9a0
q3_20260913_005139_fc79d8bd,,11,3233.402,293.95,2417.4,645.0,116.0,33.0,22.0,142,1.6,7,d12fa3a5,3de0e9a0
q3_20260913_005149_eb24cf24,,11,3348.096,304.37,2470.1,695.0,128.0,33.0,22.0,152,1.8,7,d12fa3a5,3de0e9a0
q3_20260913_005159_5d9f6535,,13,3353.904,257.99,2536.9,635.0,117.0,39.0,26.0,142,1.6,7,d12fa3a5,3de0e9a0
q3_20260913_005209_c24bba95,,16,3157.456,197.34,2396.5,575.0,106.0,48.0,32.0,133,1.6,6,d12fa3a5,3de0e9a0
q3_20260913_005218_f27e56b5,,11,3244.225,294.93,2374.2,685.0,130.0,33.0,22.0,150,1.6,7,d12fa3a5,3de0e9a0
q3_20260913_005227_1d80e5d7,,16,3880.678,242.54,2974.7,700.0,126.0,48.0,32.0,158,2.1,7,d12fa3a5,3de0e9a0
q3_20260913_005237_117f8d61,,14,3474.4,248.17,2633.4,655.0,116.0,42.0,28.0,147,1.6,7,d12fa3a5,3de0e9a0
q3_20260913_005246_55371b7e,,16,3577.749,223.61,2764.7,620.0,113.0,48.0,32.0,142,1.7,7,d12fa3a5,3de0e9a0
q3_20260913_005255_1fcfb11f,,16,3692.379,230.77,2809.4,610.0,112.0,129.0,32.0,167,1.9,6,d12fa3a5,3de0e9a0
q3_20260913_005305_79c8f431,,16,3122.194,195.14,2288.2,640.0,114.0,48.0,32.0,146,2.0,7,d12fa3a5,3de0e9a0
q3_20260913_005315_e3d3739e,,15,2979.847,198.66,2202.8,595.0,107.0,45.0,30.0,136,1.6,7,d12fa3a5,3de0e9a0
q3_20260913_005324_e98a594d,,16,3469.735,216.86,2552.7,635.0,115.0,135.0,32.0,174,1.9,6,d12fa3a5,3de0e9a0
q3_20260913_005333_ff2961f9,,11,3014.512,274.05,2169.5,665.0,125.0,33.0,22.0,146,1.4,7,d12fa3a5,3de0e9a0
q3_20260913_005342_7641a5fd,,16,3652.453,228.28,2716.5,720.0,136.0,48.0,32.0,162,2.2,7,d12fa3a5,3de0e9a0
q3_20260913_005351_e19c4ee2,,13,3639.445,279.96,2722.4,720.0,132.0,39.0,26.0,159,1.9,7,d12fa3a5,3de0e9a0
q3_20260913_005400_1f2c31d2,,14,3267.291,233.38,2514.3,575.0,108.0,42.0,28.0,131,1.4,7,d12fa3a5,3de0e9a0
q3_20260913_005409_5dbb8025,,15,3113.392,207.56,2324.4,600.0,114.0,45.0,30.0,137,1.8,7,d12fa3a5,3de0e9a0
q3_20260913_005809_a7ce9716,,15,3125.061,208.34,2254.1,670.0,126.0,45.0,30.0,151,1.9,7,d12fa3a5,3de0e9a0
q3_20260913_005819_77b44427,,10,3147.963,314.8,2378.0,535.0,104.0,111.0,20.0,146,1.6,7,d12fa3a5,3de0e9a0
q3_20260913_005830_68add5f4,,16,3010.661,188.17,2170.7,640.0,120.0,48.0,32.0,146,2.0,6,d12fa3a5,3de0e9a0
q3_20260913_005841_d764c635,,10,2722.179,272.22,1882.2,665.0,125.0,30.0,20.0,145,1.4,7,d12fa3a5,3de0e9a0
q3_20260912_231445_ebdd1cf0,,11,2766.896,251.54,1974.9,620.0,117.0,33.0,22.0,137,0.4,7,d12fa3a5,3de0e9a0
q3_20260912_231458_597ec9af,,12,3177.289,264.77,2444.3,565.0,108.0,36.0,24.0,127,0.5,7,d12fa3a5,3de0e9a0
q3_20260912_231514_9afb7da4,,16,3921.075,245.07,3044.1,665.0,123.0,57.0,32.0,154,0.7,7,d12fa3a5,3de0e9a0
q3_20260912_231528_e5034958,,10,3022.472,302.25,2201.5,650.0,121.0,30.0,20.0,142,0.5,7,d12fa3a5,3de0e9a0
q3_20260912_231624_d5f1adb6,,11,3308.732,300.79,2521.7,615.0,117.0,33.0,22.0,136,0.4,7,d12fa3a5,3de0e9a0
q3_20260912_232401_46139193,,12,3551.331,295.94,2696.3,670.0,125.0,36.0,24.0,148,0.5,7,d12fa3a5,3de0e9a0
q3_20260912_232420_40ec2c41,,11,2765.175,251.38,1920.2,665.0,125.0,33.0,22.0,146,0.5,7,d12fa3a5,3de0e9a0
q3_20260912_232442_4c32ea2c,,14,3405.718,243.27,2493.7,645.0,119.0,120.0,28.0,171,0.6,7,d12fa3a5,3de0e9a0
q3_20260912_232456_3e3f30d7,,13,3229.136,248.4,2367.1,670.0,127.0,39.0,26.0,149,0.5,7,d12fa3a5,3de0e9a0
q3_20260912_232509_4d292b59,,16,3616.241,226.02,2688.2,640.0,121.0,135.0,32.0,175,0.7,7,d12fa3a5,3de0e9a0
q3_20260912_232525_ecd74859,,13,3397.492,261.35,2567.5,645.0,120.0,39.0,26.0,144,0.5,7,d12fa3a5,3de0e9a0
q3_20260912_232543_ed657192,,13,3202.781,246.37,2406.8,615.0,116.0,39.0,26.0,138,0.5,7,d12fa3a5,3de0e9a0
q3_20260912_232555_757a59b0,,12,3290.012,274.17,2432.0,675.0,123.0,36.0,24.0,149,0.5,7,d12fa3a5,3de0e9a0
q3_20260912_232620_ad1e4258,,16,4031.962,252.0,3252.0,590.0,110.0,48.0,32.0,136,0.6,7,d12fa3a5,3de0e9a0
q3_20260912_232636_640ed390,,16,3316.512,207.28,2425.5,685.0,126.0,48.0,32.0,155,0.7,7,d12fa3a5,3de0e9a0
q3_20260912_232648_474c287f,,11,2910.759,264.61,2087.8,645.0,123.0,33.0,22.0,142,0.5,7,d12fa3a5,3de0e9a0
q3_20260912_232737_cfc20dd1,,16,2963.509,185.22,2168.5,600.0,115.0,48.0,32.0,138,0.7,6,d12fa3a5,3de0e9a0
q3_20260912_232750_f7c2f43b,,11,3168.667,288.06,2327.7,665.0,121.0,33.0,22.0,146,0.5,7,d12fa3a5,3de0e9a0
q3_20260912_232805_feb2e486,,11,3148.976,286.27,2312.0,660.0,122.0,33.0,22.0,145,0.4,7,d12fa3a5,3de0e9a0
q3_20260912_232828_9907143e,,13,3181.497,244.73,2356.5,640.0,120.0,39.0,26.0,143,0.5,7,d12fa3a5,3de0e9a0
q3_20260912_232843_5a563b6b,,14,3714.666,265.33,2788.7,720.0,136.0,42.0,28.0,160,0.7,7,d12fa3a5,3de0e9a0
q3_20260912_232859_bb5fcb09,,11,3166.635,287.88,2360.6,635.0,116.0,33.0,22.0,140,0.4,7,d12fa3a5,3de0e9a0
q3_20260912_232944_bb5c3312,,12,3101.626,258.47,2271.6,650.0,120.0,36.0,24.0,144,0.4,7,d12fa3a5,3de0e9a0
q3_20260912_233001_bd8e659d,,15,3388.217,225.88,2596.2,605.0,112.0,45.0,30.0,138,0.5,7,d12fa3a5,3de0e9a0
q3_20260912_233030_ef15dd5b,,15,3430.599,228.71,2640.6,605.0,110.0,45.0,30.0,138,0.5,7,d12fa3a5,3de0e9a0
q3_20260912_233047_a0aa7360,,12,3550.943,295.91,2770.9,610.0,110.0,36.0,24.0,136,0.4,7,d12fa3a5,3de0e9a0
q3_20260912_233118_6844f381,,11,3164.704,287.7,2311.7,675.0,123.0,33.0,22.0,148,0.4,7,d12fa3a5,3de0e9a0
q3_20260912_233133_1021e4da,,13,3610.042,277.7,2626.0,615.0,115.0,228.0,26.0,201,0.7,7,d12fa3a5,3de0e9a0
q3_20260913_090158_56f34450,,15,3671.326,244.76,2791.3,680.0,125.0,45.0,30.0,153,0.6,7,d12fa3a5,3de0e9a0
q3_20260913_090210_f31c4de2,,10,3166.504,316.65,2330.5,660.0,126.0,30.0,20.0,144,0.4,7,d12fa3a5,3de0e9a0
q3_20260913_090226_3fb298e2,,12,2964.357,247.03,2171.4,620.0,113.0,36.0,24.0,138,0.4,7,d12fa3a5,3de0e9a0
q3_20260913_090237_c4b6d6b2,,12,3109.448,259.12,2298.4,635.0,116.0,36.0,24.0,141,0.4,7,d12fa3a5,3de0e9a0
q3_20260913_090249_95ce679a,,13,3005.628,231.2,2180.6,645.0,115.0,39.0,26.0,144,0.5,7,d12fa3a5,3de0e9a0
q3_20260913_090301_b9a1a752,,13,4065.535,312.73,3138.5,665.0,125.0,111.0,26.0,172,0.6,7,d12fa3a5,3de0e9a0
q3_20260913_090317_f2651d94,,11,3041.883,276.53,2233.9,635.0,118.0,33.0,22.0,140,0.4,7,d12fa3a5,3de0e9a0
q3_20260913_090329_809ba377,,14,3500.414,250.03,2628.4,585.0,109.0,150.0,28.0,169,0.6,7,d12fa3a5,3de0e9a0
q3_20260913_090345_158b86a2,,13,3555.722,273.52,2651.7,710.0,129.0,39.0,26.0,157,0.6,7,d12fa3a5,3de0e9a0
q3_20260913_090357_5e9c26d2,,13,2900.218,223.09,2056.2,655.0,124.0,39.0,26.0,146,0.5,7,d12fa3a5,3de0e9a0
q3_20260913_090411_7f9be116,,13,3590.829,276.22,2732.8,670.0,123.0,39.0,26.0,149,0.5,7,d12fa3a5,3de0e9a0
q3_20260913_090423_60ecfe3c,,12,3361.618,280.13,2543.6,640.0,118.0,36.0,24.0,142,0.4,7,d12fa3a5,3de0e9a0
q3_20260913_090436_46cab44d,,13,3033.021,233.31,2239.0,615.0,114.0,39.0,26.0,138,0.5,7,d12fa3a5,3de0e9a0
q3_20260913_090456_cebef83a,,10,3057.686,305.77,2212.7,670.0,125.0,30.0,20.0,146,0.4,7,d12fa3a5,3de0e9a0
q3_20260913_090508_8bc05db6,,14,3620.929,258.64,2721.9,620.0,116.0,135.0,28.0,171,0.5,7,d12fa3a5,3de0e9a0
q3_20260913_090520_cae596c9,,10,3055.984,305.6,2154.0,645.0,117.0,120.0,20.0,171,0.5,7,d12fa3a5,3de0e9a0
q3_20260913_090533_ab27ae1b,,13,3185.59,245.05,2406.6,585.0,108.0,60.0,26.0,139,0.4,7,d12fa3a5,3de0e9a0
q3_20260913_090545_4603b178,,14,3353.533,239.54,2523.5,640.0,120.0,42.0,28.0,144,0.5,7,d12fa3a5,3de0e9a0
q3_20260913_090558_5ea45879,,10,2989.125,298.91,2146.1,670.0,123.0,30.0,20.0,146,0.4,7,d12fa3a5,3de0e9a0
q3_20260913_090609_eaa3b06f,,15,3252.456,216.83,2435.5,585.0,109.0,93.0,30.0,150,0.6,7,d12fa3a5,3de0e9a0
