seed,question,kind,noise,variant,sources,cleared,seconds_per_source,virtual_s,runtime_s,actions,measurements,clear_attempts,move_m,move,switch,measure,optical,laser,cleared_count,visited_survey_points,termination,shared_attempts,shared_hits,group
20270910,4,random,spatial,grid49,15,15,898.3458038180506,13475.18705727076,0.3332688999998936,597,437,160,51930.93528635382,10386.187057270765,394.0,2185.0,480.0,30.0,15,49,full_coverage,11,5,holdout
20270910,4,random,spatial,triangle27,15,15,687.7464306779751,10316.196460169627,0.19992820000015854,349,258,91,42425.98230084812,8485.196460169624,238.0,1290.0,273.0,30.0,15,27,full_coverage,14,13,holdout
20270911,4,random,spatial,grid49,10,10,1245.713228865758,12457.132288657582,0.3645366999999169,699,625,74,42540.6614432879,8508.13228865758,582.0,3125.0,222.0,20.0,10,49,full_coverage,3,3,holdout
20270911,4,random,spatial,triangle27,10,10,931.7190993027789,9317.190993027789,0.42967769999995653,398,343,55,35490.954965138946,7098.190993027789,319.0,1715.0,165.0,20.0,10,27,full_coverage,8,7,holdout
20270912,4,random,spatial,grid49,13,13,1035.7145121688632,13464.28865819522,0.650772599999982,620,495,125,50671.44329097609,10134.288658195217,454.0,2475.0,375.0,26.0,13,49,full_coverage,6,6,holdout
20270912,4,random,spatial,triangle27,13,13,741.4468430934064,9638.808960214283,0.34765769999967233,401,325,76,37274.04480107142,7454.808960214284,305.0,1625.0,228.0,26.0,13,27,full_coverage,7,7,holdout
20270913,4,random,spatial,grid49,10,10,1160.7385249081601,11607.3852490816,0.27434790000006615,567,543,24,41511.926245408,8302.3852490816,498.0,2715.0,72.0,20.0,10,49,full_coverage,11,9,holdout
20270913,4,random,spatial,triangle27,10,10,879.9744536290734,8799.744536290735,0.3257315999999264,340,304,36,34363.72268145367,6872.744536290734,279.0,1520.0,108.0,20.0,10,27,full_coverage,9,9,holdout
20270914,4,random,spatial,grid49,13,13,1035.2104807818935,13457.736250164615,0.841201799999908,741,476,265,49133.6812508231,9826.73625016462,430.0,2380.0,795.0,26.0,13,49,full_coverage,13,9,holdout
20270914,4,random,spatial,triangle27,13,13,722.4268197359057,9391.548656566774,0.4868683999998211,395,311,84,36342.74328283388,7268.548656566776,290.0,1555.0,252.0,26.0,13,27,full_coverage,10,8,holdout
20270915,4,random,spatial,grid49,15,15,871.1475497370702,13067.213246056053,0.6252589000000626,699,523,176,47071.066230280274,9414.213246056055,480.0,2615.0,528.0,30.0,15,49,full_coverage,8,8,holdout
20270915,4,random,spatial,triangle27,15,15,751.5355743627223,11273.033615440834,0.4571248000002015,468,352,116,44010.16807720417,8802.033615440834,333.0,1760.0,348.0,30.0,15,27,full_coverage,9,6,holdout
20270916,4,random,spatial,grid49,11,11,1158.7015493547954,12745.71704290275,0.32746510000015405,723,629,94,43563.58521451375,8712.71704290275,584.0,3145.0,282.0,22.0,11,49,full_coverage,5,2,holdout
20270916,4,random,spatial,triangle27,11,11,918.327971532286,10101.607686855146,0.4708709000001363,464,344,120,38398.03843427574,7679.607686855148,320.0,1720.0,360.0,22.0,11,27,full_coverage,14,8,holdout
20270917,4,random,spatial,grid49,11,11,1169.8403049283936,12868.24335421233,0.2336264000000483,686,644,42,44491.21677106167,8898.243354212334,602.0,3220.0,126.0,22.0,11,49,full_coverage,3,3,holdout
20270917,4,random,spatial,triangle27,11,11,910.2566336362058,10012.822969998264,0.4315839999999298,426,317,109,38914.114849991325,7782.822969998265,296.0,1585.0,327.0,22.0,11,27,full_coverage,4,4,holdout
20270918,4,random,spatial,grid49,10,10,1198.3430801752907,11983.430801752907,0.347846600000139,690,587,103,40887.154008764526,8177.430801752906,542.0,2935.0,309.0,20.0,10,49,full_coverage,8,5,holdout
20270918,4,random,spatial,triangle27,10,10,956.877393581548,9568.77393581548,0.34114739999995436,375,310,65,37583.8696790774,7516.7739358154795,287.0,1550.0,195.0,20.0,10,27,full_coverage,5,4,holdout
20270919,4,random,spatial,grid49,13,13,889.6652427149513,11565.648155294368,0.3592986000003293,587,429,158,42678.24077647184,8535.648155294368,385.0,2145.0,474.0,26.0,13,49,full_coverage,14,11,holdout
20270919,4,random,spatial,triangle27,13,13,740.9757046652859,9632.684160648716,0.2479659000000538,336,274,62,38993.42080324358,7798.684160648716,252.0,1370.0,186.0,26.0,13,27,full_coverage,11,10,holdout
20270920,4,random,spatial,grid49,12,12,1004.2929542135139,12051.515450562167,0.3485325000001467,575,499,76,44242.57725281084,8848.515450562169,456.0,2495.0,228.0,24.0,12,49,full_coverage,5,1,holdout
20270920,4,random,spatial,triangle27,12,12,807.3996599500383,9688.79591940046,0.33609740000019883,400,288,112,38103.97959700229,7620.795919400458,268.0,1440.0,336.0,24.0,12,27,full_coverage,5,4,holdout
20270921,4,random,spatial,grid49,11,11,1150.0240573222236,12650.26463054446,0.4399169000002985,665,535,130,45366.32315272231,9073.264630544461,490.0,2675.0,390.0,22.0,11,49,full_coverage,10,6,holdout
20270921,4,random,spatial,triangle27,11,11,933.3481943068635,10266.830137375498,0.24946549999958734,379,301,78,41139.15068687748,8227.830137375497,278.0,1505.0,234.0,22.0,11,27,full_coverage,8,6,holdout
20270922,4,random,spatial,grid49,14,14,895.5861031381252,12538.205443933752,0.5597177999998166,542,402,140,48616.02721966875,9723.20544393375,357.0,2010.0,420.0,28.0,14,49,full_coverage,14,12,holdout
20270922,4,random,spatial,triangle27,14,14,713.6169467406093,9990.63725436853,0.32122879999997167,371,283,88,40103.18627184265,8020.63725436853,263.0,1415.0,264.0,28.0,14,27,full_coverage,14,12,holdout
20270923,4,random,spatial,grid49,14,14,838.2819742076002,11735.947638906404,0.14369170000009035,465,411,54,45619.73819453202,9123.947638906404,367.0,2055.0,162.0,28.0,14,49,full_coverage,15,12,holdout
20270923,4,random,spatial,triangle27,14,14,716.8556012123081,10035.978416972313,0.17319210000005114,311,231,80,42029.89208486156,8405.978416972312,207.0,1155.0,240.0,28.0,14,27,full_coverage,12,8,holdout
20270924,4,random,spatial,grid49,10,10,1237.4616706071254,12374.616706071254,0.18721310000000813,713,563,150,42848.08353035625,8569.61670607125,520.0,2815.0,450.0,20.0,10,49,full_coverage,6,4,holdout
20270924,4,random,spatial,triangle27,10,10,890.2746787650315,8902.746787650314,0.060253000000102475,382,356,26,33453.73393825155,6690.746787650311,334.0,1780.0,78.0,20.0,10,27,full_coverage,4,4,holdout
20270925,4,random,spatial,grid49,12,12,1008.2041399623785,12098.449679548541,0.18016259999967588,562,469,93,45117.248397742704,9023.449679548541,427.0,2345.0,279.0,24.0,12,49,full_coverage,6,5,holdout
20270925,4,random,spatial,triangle27,12,12,830.7392612922134,9968.87113550656,0.23697559999982332,445,294,151,38749.355677532796,7749.87113550656,272.0,1470.0,453.0,24.0,12,27,full_coverage,7,4,holdout
20270926,4,random,spatial,grid49,12,12,1041.1207863813124,12493.44943657575,0.17895670000007158,545,479,66,47217.24718287874,9443.449436575747,433.0,2395.0,198.0,24.0,12,49,full_coverage,6,5,holdout
20270926,4,random,spatial,triangle27,12,12,784.9033812412994,9418.840574895592,0.2078403000000435,364,286,78,37334.20287447795,7466.84057489559,264.0,1430.0,234.0,24.0,12,27,full_coverage,8,7,holdout
20270927,4,random,spatial,grid49,16,16,419.1104123308418,6705.766597293469,0.3042731000000458,267,153,114,27138.832986467336,5427.766597293467,139.0,765.0,342.0,32.0,16,17,count_upper_bound,19,11,holdout
20270927,4,random,spatial,triangle27,16,16,406.90706939114966,6510.513110258395,0.11900629999990997,211,160,51,26887.565551291977,5377.5131102583955,148.0,800.0,153.0,32.0,16,16,count_upper_bound,19,17,holdout
20270928,4,random,spatial,grid49,14,14,912.675535539068,12777.457497546953,0.22445620000007693,699,489,210,46152.28748773479,9230.457497546959,444.0,2445.0,630.0,28.0,14,49,full_coverage,15,13,holdout
20270928,4,random,spatial,triangle27,14,14,686.7972245560712,9615.161143784997,0.23735130000022764,355,254,101,38930.80571892498,7786.161143784997,228.0,1270.0,303.0,28.0,14,27,full_coverage,16,12,holdout
20270929,4,random,spatial,grid49,11,11,1150.9596356833406,12660.555992516747,0.27971579999984897,698,540,158,44827.779962583736,8965.555992516747,499.0,2700.0,474.0,22.0,11,49,full_coverage,6,4,holdout
20270929,4,random,spatial,triangle27,11,11,837.3446921329755,9210.79161346273,0.1324165000000903,370,314,56,35788.958067313644,7157.791613462729,293.0,1570.0,168.0,22.0,11,27,full_coverage,5,5,holdout
20270930,4,random,spatial,grid49,13,13,871.3897714570065,11328.067028941085,0.12878200000022844,516,415,101,42770.33514470542,8554.067028941085,370.0,2075.0,303.0,26.0,13,49,full_coverage,9,8,holdout
20270930,4,random,spatial,triangle27,13,13,806.3967232923225,10483.157402800192,0.23621259999981703,371,253,118,43040.78701400096,8608.157402800192,230.0,1265.0,354.0,26.0,13,27,full_coverage,12,10,holdout
20270931,4,random,spatial,grid49,13,13,878.0098127167536,11414.127565317796,0.08684009999979025,507,457,50,42695.63782658897,8539.127565317795,414.0,2285.0,150.0,26.0,13,49,full_coverage,10,6,holdout
20270931,4,random,spatial,triangle27,13,13,810.5770862494472,10537.502121242815,0.26879520000011325,389,266,123,42852.51060621407,8570.502121242815,242.0,1330.0,369.0,26.0,13,27,full_coverage,20,10,holdout
20270932,4,random,spatial,grid49,15,15,838.3127095298559,12574.690642947839,0.20152050000024246,516,383,133,49458.4532147392,9891.69064294784,339.0,1915.0,399.0,30.0,15,49,full_coverage,17,12,holdout
20270932,4,random,spatial,triangle27,15,15,632.3685022504079,9485.527533756118,0.20489580000003116,319,247,72,38897.63766878058,7779.527533756116,225.0,1235.0,216.0,30.0,15,27,full_coverage,15,12,holdout
20270933,4,random,spatial,grid49,15,15,804.8274979998934,12072.4124699984,0.1327966999997443,495,436,59,46462.062349992004,9292.4124699984,393.0,2180.0,177.0,30.0,15,49,full_coverage,11,9,holdout
20270933,4,random,spatial,triangle27,15,15,650.8695928531794,9763.04389279769,0.14382350000005317,296,223,73,41015.219463988455,8203.04389279769,196.0,1115.0,219.0,30.0,15,27,full_coverage,20,14,holdout
20270934,4,random,spatial,grid49,13,13,1026.2179742557248,13340.833665324422,0.26727889999983745,689,513,176,48769.16832662213,9753.833665324426,468.0,2565.0,528.0,26.0,13,49,full_coverage,6,3,holdout
20270934,4,random,spatial,triangle27,13,13,817.1238751915595,10622.610377490273,0.23406440000007933,427,306,121,42103.05188745138,8420.610377490277,283.0,1530.0,363.0,26.0,13,27,full_coverage,13,7,holdout
20270935,4,random,spatial,grid49,13,13,862.2087588327702,11208.713864826012,0.07206499999983862,505,468,37,41543.56932413007,8308.713864826013,423.0,2340.0,111.0,26.0,13,49,full_coverage,10,9,holdout
20270935,4,random,spatial,triangle27,13,13,770.0615094345369,10010.79962264898,0.1325464000001375,347,293,54,40438.998113244896,8087.7996226489795,270.0,1465.0,162.0,26.0,13,27,full_coverage,11,9,holdout
20270936,4,random,spatial,grid49,15,15,833.3306049248059,12499.959073872089,0.19376850000026025,619,453,166,46469.79536936044,9293.959073872089,413.0,2265.0,498.0,30.0,15,49,full_coverage,10,9,holdout
20270936,4,random,spatial,triangle27,15,15,766.4223100462775,11496.334650694163,0.298219500000414,464,263,201,46531.67325347083,9306.334650694165,242.0,1315.0,603.0,30.0,15,27,full_coverage,9,7,holdout
20270937,4,random,spatial,grid49,15,15,779.573466915252,11693.60200372878,0.1614395000001423,527,394,133,44728.0100186439,8945.60200372878,349.0,1970.0,399.0,30.0,15,49,full_coverage,19,16,holdout
20270937,4,random,spatial,triangle27,15,15,713.2077668429408,10698.116502644112,0.3318856999999298,420,203,217,44110.582513220565,8822.116502644112,180.0,1015.0,651.0,30.0,15,27,full_coverage,27,16,holdout
20270938,4,random,spatial,grid49,11,11,1282.3692504563498,14106.06175501985,0.23014899999998306,766,560,206,50760.30877509923,10152.061755019846,514.0,2800.0,618.0,22.0,11,49,full_coverage,5,1,holdout
20270938,4,random,spatial,triangle27,11,11,903.3769790497842,9937.146769547626,0.12354150000010122,382,332,50,38990.73384773813,7798.146769547626,307.0,1660.0,150.0,22.0,11,27,full_coverage,8,5,holdout
20270939,4,random,spatial,grid49,13,13,939.913478767238,12218.875223974093,0.17657930000041233,548,421,127,46649.376119870445,9329.87522397409,377.0,2105.0,381.0,26.0,13,49,full_coverage,7,5,holdout
20270939,4,random,spatial,triangle27,13,13,927.6131583393196,12058.971058411154,0.34938140000031126,489,273,216,48859.855292055785,9771.971058411156,248.0,1365.0,648.0,26.0,13,27,full_coverage,11,7,holdout
20270940,4,random,spatial,grid49,13,13,904.679412254801,11760.832359312413,0.13405089999969277,507,428,79,44859.161796562075,8971.832359312415,386.0,2140.0,237.0,26.0,13,49,full_coverage,8,6,holdout
20270940,4,random,spatial,triangle27,13,13,780.8032560299939,10150.442328389921,0.19635240000025078,388,277,111,40747.211641949616,8149.442328389923,257.0,1385.0,333.0,26.0,13,27,full_coverage,5,4,holdout
20270941,4,random,spatial,grid49,16,16,420.45378416098174,6727.260546575708,0.1806933000002573,271,206,65,26406.302732878536,5281.260546575707,189.0,1030.0,195.0,32.0,16,21,count_upper_bound,13,9,holdout
20270941,4,random,spatial,triangle27,16,16,509.6407543151572,8154.252069042515,0.2013704000000871,331,253,78,31941.260345212577,6388.252069042515,235.0,1265.0,234.0,32.0,16,21,count_upper_bound,18,15,holdout
20270942,4,random,spatial,grid49,10,10,1243.586335377809,12435.86335377809,0.13937329999998838,692,610,82,42779.31676889046,8555.863353778092,564.0,3050.0,246.0,20.0,10,49,full_coverage,11,5,holdout
20270942,4,random,spatial,triangle27,10,10,1063.807154789176,10638.07154789176,0.27524640000001455,506,357,149,40280.357739458785,8056.071547891756,330.0,1785.0,447.0,20.0,10,27,full_coverage,12,3,holdout
20270943,4,random,spatial,grid49,14,14,881.918924521972,12346.864943307608,0.1977136000000428,577,444,133,46514.324716538045,9302.86494330761,397.0,2220.0,399.0,28.0,14,49,full_coverage,9,7,holdout
20270943,4,random,spatial,triangle27,14,14,711.6081464487805,9962.514050282927,0.14719279999962964,360,247,113,40682.57025141463,8136.514050282926,224.0,1235.0,339.0,28.0,14,27,full_coverage,14,12,holdout
20270944,4,random,spatial,grid49,12,12,932.5419816690442,11190.50378002853,0.11621130000003177,579,539,40,39282.518900142655,7856.503780028531,495.0,2695.0,120.0,24.0,12,49,full_coverage,11,8,holdout
20270944,4,random,spatial,triangle27,12,12,800.2587920496026,9603.10550459523,0.1197626000002856,352,306,46,38140.52752297616,7628.105504595233,283.0,1530.0,138.0,24.0,12,27,full_coverage,12,9,holdout
20270945,4,random,spatial,grid49,10,10,1297.5375903769716,12975.375903769716,0.19940670000005412,749,632,117,44281.8795188486,8856.37590376972,588.0,3160.0,351.0,20.0,10,49,full_coverage,4,2,holdout
20270945,4,random,spatial,triangle27,10,10,915.9418326435327,9159.418326435327,0.11777389999997467,383,332,51,35072.09163217663,7014.418326435326,312.0,1660.0,153.0,20.0,10,27,full_coverage,1,1,holdout
20270946,4,random,spatial,grid49,13,13,851.0097064298755,11063.126183588382,0.07979930000010427,520,479,41,40430.630917941904,8086.1261835883815,433.0,2395.0,123.0,26.0,13,49,full_coverage,12,10,holdout
20270946,4,random,spatial,triangle27,13,13,780.2533887850734,10143.294054205955,0.22937150000007023,368,272,96,41116.47027102977,8223.294054205955,246.0,1360.0,288.0,26.0,13,27,full_coverage,12,8,holdout
20270947,4,random,spatial,grid49,13,13,955.3957056201598,12420.144173062077,0.29485810000005586,656,466,190,45370.720865310395,9074.144173062079,420.0,2330.0,570.0,26.0,13,49,full_coverage,17,12,holdout
20270947,4,random,spatial,triangle27,13,13,840.1032535782621,10921.342296517407,0.34336080000002767,449,306,143,43266.71148258702,8653.342296517405,283.0,1530.0,429.0,26.0,13,27,full_coverage,9,8,holdout
20270948,4,random,spatial,grid49,16,16,598.9039521909314,9582.463235054902,0.35050920000003316,470,210,260,37657.31617527452,7531.463235054904,189.0,1050.0,780.0,32.0,16,25,count_upper_bound,16,10,holdout
20270948,4,random,spatial,triangle27,16,16,556.4251867409732,8902.802987855572,0.267022999999881,330,180,150,36804.014939277855,7360.802987855572,160.0,900.0,450.0,32.0,16,20,count_upper_bound,23,18,holdout
20270949,4,random,spatial,grid49,16,16,414.01897328023506,6624.303572483761,0.29560730000002877,301,149,152,26271.5178624188,5254.30357248376,137.0,745.0,456.0,32.0,16,16,count_upper_bound,15,12,holdout
20270949,4,random,spatial,triangle27,16,16,506.2778507031761,8100.445611250818,0.349536100000023,414,158,256,31822.22805625409,6364.445611250818,146.0,790.0,768.0,32.0,16,13,count_upper_bound,17,11,holdout
20270950,4,random,spatial,grid49,13,13,957.1232581795102,12442.602356333633,0.341283399999611,527,404,123,48358.01178166816,9671.602356333631,356.0,2020.0,369.0,26.0,13,49,full_coverage,11,4,holdout
20270950,4,random,spatial,triangle27,13,13,775.6146225531455,10082.990093190892,0.15321030000040992,320,272,48,41529.95046595446,8305.990093190892,247.0,1360.0,144.0,26.0,13,27,full_coverage,15,8,holdout
20270951,4,random,spatial,grid49,12,12,1010.6636456335497,12127.963747602596,0.3252947999999378,570,480,90,44989.81873801298,8997.963747602596,436.0,2400.0,270.0,24.0,12,49,full_coverage,11,7,holdout
20270951,4,random,spatial,triangle27,12,12,847.0307673639853,10164.369208367823,0.47140010000020993,408,298,110,40221.84604183911,8044.3692083678225,276.0,1490.0,330.0,24.0,12,27,full_coverage,12,10,holdout
20270952,4,random,spatial,grid49,11,11,1151.8610719258143,12670.471791183956,0.524050200000147,728,555,173,44217.358955919786,8843.471791183958,511.0,2775.0,519.0,22.0,11,49,full_coverage,10,3,holdout
20270952,4,random,spatial,triangle27,11,11,945.884003378722,10404.724037165943,0.6210823999999775,423,300,123,41183.62018582971,8236.724037165943,277.0,1500.0,369.0,22.0,11,27,full_coverage,8,6,holdout
20270953,4,random,spatial,grid49,13,13,930.0109937539897,12090.142918801866,0.7284813000001122,551,461,90,45360.714594009325,9072.142918801865,417.0,2305.0,270.0,26.0,13,49,full_coverage,11,7,holdout
20270953,4,random,spatial,triangle27,13,13,796.0383341328013,10348.498343726416,0.472713599999679,439,278,161,40972.49171863208,8194.498343726416,255.0,1390.0,483.0,26.0,13,27,full_coverage,10,9,holdout
20270954,4,random,spatial,grid49,12,12,1006.0799442165224,12072.959330598269,0.5202316999998402,618,494,124,43804.796652991354,8760.95933059827,446.0,2470.0,372.0,24.0,12,49,full_coverage,16,12,holdout
20270954,4,random,spatial,triangle27,12,12,874.6338681028792,10495.60641723455,0.7633667999998579,367,300,67,42478.03208617275,8495.60641723455,275.0,1500.0,201.0,24.0,12,27,full_coverage,13,7,holdout
20270955,4,random,spatial,grid49,15,15,841.0055332442487,12615.08299866373,0.5235297000003811,519,356,163,50020.414993318656,10004.08299866373,312.0,1780.0,489.0,30.0,15,49,full_coverage,13,11,holdout
20270955,4,random,spatial,triangle27,15,15,633.6564868391354,9504.84730258703,0.6587660000000142,282,212,70,40104.236512935146,8020.847302587029,184.0,1060.0,210.0,30.0,15,27,full_coverage,17,14,holdout
20270956,4,random,spatial,grid49,12,12,1066.4960287021834,12797.952344426201,0.39846040000020366,635,543,92,46409.76172213101,9281.952344426201,501.0,2715.0,276.0,24.0,12,49,full_coverage,7,7,holdout
20270956,4,random,spatial,triangle27,12,12,836.4159950139333,10036.9919401672,0.49718209999991814,416,281,135,39739.95970083599,7947.991940167199,255.0,1405.0,405.0,24.0,12,27,full_coverage,17,9,holdout
20270957,4,random,spatial,grid49,14,14,891.7247719553428,12484.1468073748,0.8698064000000159,583,450,133,47005.734036874,9401.1468073748,406.0,2250.0,399.0,28.0,14,49,full_coverage,12,9,holdout
20270957,4,random,spatial,triangle27,14,14,713.9502665014559,9995.303731020382,0.5206089999996948,400,292,108,39596.51865510191,7919.303731020382,264.0,1460.0,324.0,28.0,14,27,full_coverage,14,7,holdout
20270958,4,random,spatial,grid49,15,15,786.7191725361556,11800.787588042334,0.7240702000003694,482,392,90,45948.93794021168,9189.787588042336,351.0,1960.0,270.0,30.0,15,49,full_coverage,10,9,holdout
20270958,4,random,spatial,triangle27,15,15,703.7713631072039,10556.570446608059,0.5079588999997213,385,258,127,43092.85223304029,8618.570446608059,237.0,1290.0,381.0,30.0,15,27,full_coverage,8,7,holdout
20270959,4,random,spatial,grid49,12,12,1065.24649700904,12782.95796410848,0.21437979999973322,652,538,114,46164.78982054241,9232.957964108482,494.0,2690.0,342.0,24.0,12,49,full_coverage,9,7,holdout
20270959,4,random,spatial,triangle27,12,12,828.159918711846,9937.919024542152,0.25455779999992956,383,288,95,39619.59512271076,7923.919024542152,265.0,1440.0,285.0,24.0,12,27,full_coverage,10,7,holdout
20270960,4,random,spatial,grid49,11,11,1227.4021044974183,13501.423149471602,0.30599290000009205,764,537,227,48112.115747358024,9622.423149471604,491.0,2685.0,681.0,22.0,11,49,full_coverage,7,5,holdout
20270960,4,random,spatial,triangle27,11,11,909.8030265276345,10007.83329180398,0.1857481000001826,407,299,108,39449.16645901989,7889.833291803979,277.0,1495.0,324.0,22.0,11,27,full_coverage,8,8,holdout
20270961,4,random,spatial,grid49,10,10,1292.7693634408008,12927.693634408008,0.27144449999968856,741,547,194,45438.46817204004,9087.693634408008,503.0,2735.0,582.0,20.0,10,49,full_coverage,6,5,holdout
20270961,4,random,spatial,triangle27,10,10,935.2777509836078,9352.777509836078,0.17438499999980195,427,324,103,35508.88754918039,7101.777509836078,302.0,1620.0,309.0,20.0,10,27,full_coverage,6,2,holdout
20270962,4,random,spatial,grid49,13,13,993.0467486662727,12909.607732661545,0.2594816999999239,695,536,159,46153.038663307736,9230.607732661547,496.0,2680.0,477.0,26.0,13,49,full_coverage,9,7,holdout
20270962,4,random,spatial,triangle27,13,13,794.5138156582751,10328.679603557577,0.20135919999984253,413,272,141,41348.3980177879,8269.679603557579,250.0,1360.0,423.0,26.0,13,27,full_coverage,14,8,holdout
20270963,4,random,spatial,grid49,15,15,796.2524091484958,11943.786137227436,0.14048879999972996,534,481,53,44548.93068613721,8909.786137227442,440.0,2405.0,159.0,30.0,15,49,full_coverage,11,11,holdout
20270963,4,random,spatial,triangle27,15,15,682.7713818487892,10241.570727731838,0.5877949000000626,378,237,141,41942.85363865919,8388.570727731838,215.0,1185.0,423.0,30.0,15,27,full_coverage,16,12,holdout
20270964,4,random,spatial,grid49,11,11,1136.9578066405195,12506.535873045716,0.2536780999998882,648,573,75,44327.67936522858,8865.535873045716,529.0,2865.0,225.0,22.0,11,49,full_coverage,6,5,holdout
20270964,4,random,spatial,triangle27,11,11,947.9876798628825,10427.864478491707,0.5045608999998876,453,342,111,40209.32239245855,8041.86447849171,321.0,1710.0,333.0,22.0,11,27,full_coverage,6,6,holdout
20270965,4,random,spatial,grid49,10,10,1314.1519738917932,13141.519738917932,0.23832760000004782,757,629,128,45017.59869458969,9003.519738917938,589.0,3145.0,384.0,20.0,10,49,full_coverage,1,1,holdout
20270965,4,random,spatial,triangle27,10,10,996.5679044717306,9965.679044717306,0.19238869999981034,430,369,61,37843.395223586514,7568.6790447173025,349.0,1845.0,183.0,20.0,10,27,full_coverage,3,3,holdout
20270966,4,random,spatial,grid49,15,15,828.0374766530916,12420.562149796375,0.20314389999975901,522,386,136,48547.81074898188,9709.562149796377,343.0,1930.0,408.0,30.0,15,49,full_coverage,10,9,holdout
20270966,4,random,spatial,triangle27,15,15,761.0281677490818,11415.422516236227,0.4235876000002463,482,236,246,46272.11258118113,9254.422516236225,213.0,1180.0,738.0,30.0,15,27,full_coverage,14,5,holdout
20270967,4,random,spatial,grid49,12,12,950.222552125224,11402.670625502687,0.07634090000010474,505,463,42,42603.35312751344,8520.670625502687,417.0,2315.0,126.0,24.0,12,49,full_coverage,16,12,holdout
20270967,4,random,spatial,triangle27,12,12,780.9211401964507,9371.053682357408,0.17594380000036836,395,266,129,36950.268411787045,7390.053682357408,240.0,1330.0,387.0,24.0,12,27,full_coverage,14,13,holdout
20270968,4,random,spatial,grid49,14,14,911.77111184221,12764.795565790939,0.24130310000009558,579,418,161,48938.9778289547,9787.79556579094,376.0,2090.0,483.0,28.0,14,49,full_coverage,6,6,holdout
20270968,4,random,spatial,triangle27,14,14,836.9090305715685,11716.726428001959,0.279098100000283,426,261,165,48248.63214000979,9649.726428001957,239.0,1305.0,495.0,28.0,14,27,full_coverage,9,7,holdout
20270969,4,random,spatial,grid49,12,12,1012.2562637672495,12147.075165206994,0.11383239999986472,595,556,39,43565.375826034986,8713.075165206998,513.0,2780.0,117.0,24.0,12,49,full_coverage,6,6,holdout
20270969,4,random,spatial,triangle27,12,12,811.0824976453937,9732.989971744724,0.18772699999999531,409,294,115,38124.94985872361,7624.9899717447215,269.0,1470.0,345.0,24.0,12,27,full_coverage,10,5,holdout
20270970,4,random,spatial,grid49,10,10,1115.281394943886,11152.81394943886,0.18212549999998373,604,557,47,38494.069747194306,7698.8139494388615,508.0,2785.0,141.0,20.0,10,49,full_coverage,14,10,holdout
20270970,4,random,spatial,triangle27,10,10,906.4722162969387,9064.722162969387,0.07860299999993003,354,324,30,35168.610814846936,7033.722162969388,301.0,1620.0,90.0,20.0,10,27,full_coverage,9,9,holdout
20270971,4,random,spatial,grid49,12,12,922.8963464891608,11074.75615786993,0.13140590000011798,507,466,41,40888.78078934964,8177.756157869929,420.0,2330.0,123.0,24.0,12,49,full_coverage,12,10,holdout
20270971,4,random,spatial,triangle27,12,12,909.0376877049403,10908.452252459283,0.24915620000001582,448,275,173,43707.261262296415,8741.452252459283,249.0,1375.0,519.0,24.0,12,27,full_coverage,18,6,holdout
20270972,4,random,spatial,grid49,13,13,899.7793439193082,11697.131470951006,0.12954649999983303,456,402,54,45710.65735475503,9142.131470951006,357.0,2010.0,162.0,26.0,13,49,full_coverage,17,13,holdout
20270972,4,random,spatial,triangle27,13,13,628.0154920462999,8164.201396601898,0.10300909999978103,255,232,23,33516.006983009494,6703.2013966018985,206.0,1160.0,69.0,26.0,13,27,full_coverage,15,14,holdout
20270973,4,random,spatial,grid49,16,16,636.760684189542,10188.170947032671,0.32452039999998306,409,271,138,40760.85473516337,8152.170947032673,235.0,1355.0,414.0,32.0,16,40,count_upper_bound,17,12,holdout
20270973,4,random,spatial,triangle27,16,16,576.623462534302,9225.975400548832,0.2639816000000792,327,222,105,37829.877002744164,7565.975400548832,203.0,1110.0,315.0,32.0,16,24,count_upper_bound,16,9,holdout
20270974,4,random,spatial,grid49,12,12,1009.0590408751173,12108.708490501407,0.18744969999988825,584,488,96,44558.54245250703,8911.708490501405,445.0,2440.0,288.0,24.0,12,49,full_coverage,9,8,holdout
20270974,4,random,spatial,triangle27,12,12,846.2356036879582,10154.827244255499,0.1388437000000522,365,280,85,41099.1362212775,8219.827244255499,256.0,1400.0,255.0,24.0,12,27,full_coverage,12,7,holdout
20270975,4,random,spatial,grid49,15,15,913.0586797398403,13695.880196097603,0.20422929999995176,625,382,243,53444.400980488026,10688.880196097605,338.0,1910.0,729.0,30.0,15,49,full_coverage,12,12,holdout
20270975,4,random,spatial,triangle27,15,15,790.8756618327138,11863.134927490708,0.3325583999999253,454,229,225,49035.67463745354,9807.134927490708,206.0,1145.0,675.0,30.0,15,27,full_coverage,12,8,holdout
20270976,4,random,spatial,grid49,16,16,478.801080068147,7660.817281090352,0.34433130000024903,394,211,183,29149.08640545176,5829.817281090352,195.0,1055.0,549.0,32.0,16,18,count_upper_bound,12,7,holdout
20270976,4,random,spatial,triangle27,16,16,673.9325399963315,10782.920639941303,0.2518497999999454,428,252,176,43649.60319970654,8729.920639941307,233.0,1260.0,528.0,32.0,16,25,count_upper_bound,9,7,holdout
20270977,4,random,spatial,grid49,16,16,447.0972736642061,7153.556378627298,0.14995550000003277,316,239,77,27372.78189313649,5474.556378627298,221.0,1195.0,231.0,32.0,16,21,count_upper_bound,15,12,holdout
20270977,4,random,spatial,triangle27,16,16,499.1093701718264,7985.749922749223,0.27425499999981184,268,195,73,32908.749613746106,6581.749922749222,178.0,975.0,219.0,32.0,16,19,count_upper_bound,20,16,holdout
20270978,4,random,spatial,grid49,11,11,1165.5158171553292,12820.67398870862,0.11927319999995234,617,575,42,46328.369943543104,9265.67398870862,532.0,2875.0,126.0,22.0,11,49,full_coverage,5,4,holdout
20270978,4,random,spatial,triangle27,11,11,924.7308597775001,10172.0394575525,0.18074470000010479,459,318,141,39205.197287762494,7841.039457552499,296.0,1590.0,423.0,22.0,11,27,full_coverage,7,5,holdout
20270979,4,random,spatial,grid49,16,16,651.3199845048351,10421.119752077362,0.2974801000000298,444,279,165,41280.59876038681,8256.119752077362,243.0,1395.0,495.0,32.0,16,40,count_upper_bound,14,9,holdout
20270979,4,random,spatial,triangle27,16,16,481.7139276234923,7707.4228419758765,0.17285179999998945,253,195,58,31732.11420987937,6346.422841975875,180.0,975.0,174.0,32.0,16,20,count_upper_bound,21,13,holdout
20270980,4,random,spatial,grid49,14,14,992.9658364252288,13901.521709953202,0.519480299999941,716,426,290,52482.60854976601,10496.521709953202,377.0,2130.0,870.0,28.0,14,49,full_coverage,16,12,holdout
20270980,4,random,spatial,triangle27,14,14,761.2587227609312,10657.622118653037,0.690168900000117,390,247,143,43713.110593265184,8742.622118653037,223.0,1235.0,429.0,28.0,14,27,full_coverage,11,7,holdout
20270981,4,random,spatial,grid49,15,15,919.3222289708361,13789.833434562543,0.8328288000002431,656,396,260,53224.16717281271,10644.833434562543,355.0,1980.0,780.0,30.0,15,49,full_coverage,8,8,holdout
20270981,4,random,spatial,triangle27,15,15,714.8361053296037,10722.541579944056,0.8660791000002064,444,283,161,42667.70789972028,8533.541579944056,261.0,1415.0,483.0,30.0,15,27,full_coverage,8,4,holdout
20270982,4,random,spatial,grid49,13,13,1040.3319546557818,13524.315410525163,0.8559379999996963,609,444,165,51911.57705262581,10382.315410525163,401.0,2220.0,495.0,26.0,13,49,full_coverage,8,5,holdout
20270982,4,random,spatial,triangle27,13,13,703.3549175894306,9143.613928662597,0.30243849999988015,333,280,53,36518.069643312985,7303.613928662597,255.0,1400.0,159.0,26.0,13,27,full_coverage,13,11,holdout
20270983,4,random,spatial,grid49,13,13,974.6457448033442,12670.394682443475,0.6945270000001074,643,457,186,46941.97341221738,9388.394682443477,413.0,2285.0,558.0,26.0,13,49,full_coverage,12,9,holdout
20270983,4,random,spatial,triangle27,13,13,733.1958477831596,9531.546021181075,0.2816267999996853,312,250,62,39207.73010590537,7841.546021181074,228.0,1250.0,186.0,26.0,13,27,full_coverage,13,10,holdout
20270984,4,random,spatial,grid49,11,11,1026.6218786916027,11292.84066560763,0.1916682999999466,569,534,35,40039.20332803816,8007.840665607631,488.0,2670.0,105.0,22.0,11,49,full_coverage,9,8,holdout
20270984,4,random,spatial,triangle27,11,11,917.3776677078068,10091.154344785875,0.4334563000002163,475,336,139,38285.77172392936,7657.154344785873,315.0,1680.0,417.0,22.0,11,27,full_coverage,9,5,holdout
20270985,4,random,spatial,grid49,10,10,1153.971470318867,11539.714703188669,0.5680645000002187,638,573,65,39653.57351594333,7930.714703188666,529.0,2865.0,195.0,20.0,10,49,full_coverage,6,5,holdout
20270985,4,random,spatial,triangle27,10,10,953.4077232041852,9534.077232041853,0.47256930000003194,419,313,106,36705.38616020925,7341.077232041851,290.0,1565.0,318.0,20.0,10,27,full_coverage,7,7,holdout
20270986,4,random,spatial,grid49,13,13,863.3734607238031,11223.85498940944,0.36022959999991144,478,424,54,42694.27494704719,8538.854989409438,377.0,2120.0,162.0,26.0,13,49,full_coverage,17,12,holdout
20270986,4,random,spatial,triangle27,13,13,740.5619470723292,9627.30531194028,0.3527190999998311,352,272,80,38761.52655970139,7752.305311940278,249.0,1360.0,240.0,26.0,13,27,full_coverage,11,8,holdout
20270987,4,random,spatial,grid49,15,15,790.4283497512214,11856.425246268322,0.3993919000004098,541,402,139,45217.12623134164,9043.425246268327,356.0,2010.0,417.0,30.0,15,49,full_coverage,19,11,holdout
20270987,4,random,spatial,triangle27,15,15,694.3038912294228,10414.558368441341,0.5722394000003987,374,278,96,42262.79184220671,8452.558368441341,254.0,1390.0,288.0,30.0,15,27,full_coverage,10,8,holdout
20270988,4,random,spatial,grid49,16,16,585.7092436777151,9371.347898843442,0.8832471999999143,457,245,212,36291.739494217225,7258.347898843445,220.0,1225.0,636.0,32.0,16,29,count_upper_bound,16,14,holdout
20270988,4,random,spatial,triangle27,16,16,557.7526947650225,8924.04311624036,0.38707579999982045,288,214,74,37005.215581201795,7401.043116240359,199.0,1070.0,222.0,32.0,16,22,count_upper_bound,14,8,holdout
20270989,4,random,spatial,grid49,16,16,510.66503048146615,8170.640487703458,0.4530392000001484,310,255,55,32343.20243851729,6468.640487703458,230.0,1275.0,165.0,32.0,16,30,count_upper_bound,15,8,holdout
20270989,4,random,spatial,triangle27,16,16,437.5829102147322,7001.326563435715,0.3721731999999065,254,194,60,28201.63281717857,5640.326563435714,179.0,970.0,180.0,32.0,16,18,count_upper_bound,16,15,holdout
20270990,4,random,spatial,grid49,15,15,811.274687722809,12169.120315842134,0.44112840000025244,486,380,106,47925.60157921067,9585.120315842134,336.0,1900.0,318.0,30.0,15,49,full_coverage,13,9,holdout
20270990,4,random,spatial,triangle27,15,15,666.7345698465647,10001.01854769847,0.2970245999999861,379,293,86,39885.09273849234,7977.018547698469,271.0,1465.0,258.0,30.0,15,27,full_coverage,13,9,holdout
20270991,4,random,spatial,grid49,12,12,946.6518093778637,11359.821712534365,0.4046624000002339,558,472,86,41459.10856267181,8291.821712534362,426.0,2360.0,258.0,24.0,12,49,full_coverage,13,11,holdout
20270991,4,random,spatial,triangle27,12,12,854.3954039209408,10252.74484705129,0.441504100000202,369,269,100,41688.72423525646,8337.744847051292,246.0,1345.0,300.0,24.0,12,27,full_coverage,12,9,holdout
20270992,4,random,spatial,grid49,15,15,800.6768770916036,12010.153156374054,0.6009466999998949,494,371,123,47145.76578187028,9429.153156374055,327.0,1855.0,369.0,30.0,15,49,full_coverage,16,11,holdout
20270992,4,random,spatial,triangle27,15,15,657.9583636444562,9869.375454666842,0.5970561999997699,380,223,157,40271.8772733342,8054.37545466684,199.0,1115.0,471.0,30.0,15,27,full_coverage,13,8,holdout
20270993,4,random,spatial,grid49,13,13,848.7959447068964,11034.347281189654,0.39432609999994384,453,412,41,42296.736405948264,8459.347281189654,366.0,2060.0,123.0,26.0,13,49,full_coverage,15,12,holdout
20270993,4,random,spatial,triangle27,13,13,762.0867609617088,9907.127892502214,0.4769169999999576,410,293,117,38970.63946251107,7794.127892502214,271.0,1465.0,351.0,26.0,13,27,full_coverage,15,10,holdout
20270994,4,random,spatial,grid49,16,16,684.639586068609,10954.233377097744,0.5268707000000177,437,348,89,43036.16688548872,8607.233377097744,308.0,1740.0,267.0,32.0,16,45,count_upper_bound,20,15,holdout
20270994,4,random,spatial,triangle27,16,16,553.2272213013854,8851.635540822166,0.6369497000000592,343,196,147,36103.17770411083,7220.635540822166,178.0,980.0,441.0,32.0,16,22,count_upper_bound,11,11,holdout
20270995,4,random,spatial,grid49,11,11,1090.7309683660346,11998.04065202638,0.15286719999994602,591,551,40,42975.20326013191,8595.040652026382,506.0,2755.0,120.0,22.0,11,49,full_coverage,6,4,holdout
20270995,4,random,spatial,triangle27,11,11,882.2896215229176,9705.185836752094,0.4396414000002551,390,329,61,37760.92918376047,7552.1858367520945,303.0,1645.0,183.0,22.0,11,27,full_coverage,7,3,holdout
20270996,4,random,spatial,grid49,15,15,891.9974921811852,13379.962382717778,0.9234182000000146,642,459,183,50449.8119135889,10089.96238271778,416.0,2295.0,549.0,30.0,15,49,full_coverage,10,8,holdout
20270996,4,random,spatial,triangle27,15,15,681.3787013191027,10220.68051978654,0.8330949999999575,454,283,171,40003.402598932706,8000.680519786541,262.0,1415.0,513.0,30.0,15,27,full_coverage,10,9,holdout
20270997,4,random,spatial,grid49,13,13,894.5280995521078,11628.865294177402,0.5209896000001208,591,486,105,42074.32647088701,8414.865294177402,443.0,2430.0,315.0,26.0,13,49,full_coverage,13,7,holdout
20270997,4,random,spatial,triangle27,13,13,798.3908589884959,10379.081166850447,0.7836732999999185,425,301,124,40975.40583425223,8195.081166850447,281.0,1505.0,372.0,26.0,13,27,full_coverage,8,8,holdout
20270998,4,random,spatial,grid49,12,12,954.4630826861884,11453.55699223426,0.5945750999999291,591,505,86,40932.7849611713,8186.556992234261,460.0,2525.0,258.0,24.0,12,49,full_coverage,10,8,holdout
20270998,4,random,spatial,triangle27,12,12,793.9285900203131,9527.143080243757,0.7294799999999668,427,293,134,36820.71540121878,7364.143080243757,272.0,1465.0,402.0,24.0,12,27,full_coverage,7,7,holdout
20270999,4,random,spatial,grid49,15,15,760.4076399297985,11406.114598946977,0.35089899999957197,488,387,101,43985.57299473489,8797.114598946977,341.0,1935.0,303.0,30.0,15,49,full_coverage,16,12,holdout
20270999,4,random,spatial,triangle27,15,15,726.1687856858845,10892.531785288267,0.5850533000002542,385,234,151,45137.658926441356,9027.53178528827,212.0,1170.0,453.0,30.0,15,27,full_coverage,13,10,holdout
20271000,4,random,spatial,grid49,13,13,1039.6243481836893,13515.116526387961,0.446310799999992,703,502,201,49605.5826319398,9921.11652638796,455.0,2510.0,603.0,26.0,13,49,full_coverage,6,2,holdout
20271000,4,random,spatial,triangle27,13,13,868.5145834691218,11290.689585098584,0.3150938999997379,493,282,211,44823.44792549291,8964.689585098582,257.0,1410.0,633.0,26.0,13,27,full_coverage,9,4,holdout
20271001,4,random,spatial,grid49,11,11,1290.0229272458562,14190.252199704419,0.291080200000124,796,574,222,50491.260998522106,10098.25219970442,534.0,2870.0,666.0,22.0,11,49,full_coverage,1,0,holdout
20271001,4,random,spatial,triangle27,11,11,966.0003442441637,10626.0037866858,0.3314660000000913,521,354,167,39995.01893342899,7999.003786685798,334.0,1770.0,501.0,22.0,11,27,full_coverage,5,3,holdout
20271002,4,random,spatial,grid49,10,10,1139.5676760214278,11395.676760214279,0.11777649999976347,622,570,52,39223.38380107138,7844.676760214275,525.0,2850.0,156.0,20.0,10,49,full_coverage,9,8,holdout
20271002,4,random,spatial,triangle27,10,10,971.8445152037918,9718.445152037919,0.167931999999837,403,335,68,37537.2257601896,7507.445152037919,312.0,1675.0,204.0,20.0,10,27,full_coverage,7,5,holdout
20271003,4,random,spatial,grid49,16,16,379.6204501043935,6073.927201670296,0.1988387999999759,242,158,84,24264.636008351477,4852.927201670295,147.0,790.0,252.0,32.0,16,15,count_upper_bound,17,15,holdout
20271003,4,random,spatial,triangle27,16,16,480.2739960470989,7684.383936753582,0.3705515000001469,280,170,110,31581.919683767916,6316.383936753583,156.0,850.0,330.0,32.0,16,20,count_upper_bound,14,12,holdout
20271004,4,random,spatial,grid49,14,14,803.9665873699041,11255.532223178658,0.23922059999995327,498,457,41,42042.661115893294,8408.53222317866,411.0,2285.0,123.0,28.0,14,49,full_coverage,8,6,holdout
20271004,4,random,spatial,triangle27,14,14,667.9155455048002,9350.817637067203,0.1787421999997605,296,261,35,38364.08818533601,7672.817637067202,240.0,1305.0,105.0,28.0,14,27,full_coverage,9,8,holdout
20271005,4,random,spatial,grid49,16,16,500.09122671672185,8001.45962746755,0.2862758000001122,315,253,62,31452.298137337748,6290.45962746755,228.0,1265.0,186.0,32.0,16,29,count_upper_bound,14,14,holdout
20271005,4,random,spatial,triangle27,16,16,344.17283833434607,5506.765413349537,0.5454839999997603,207,123,84,22438.82706674767,4487.765413349534,120.0,615.0,252.0,32.0,16,9,count_upper_bound,14,12,holdout
20271006,4,random,spatial,grid49,14,14,850.4705620568367,11906.587868795714,0.5250436000001173,551,430,121,44892.93934397854,8978.587868795708,387.0,2150.0,363.0,28.0,14,49,full_coverage,13,11,holdout
20271006,4,random,spatial,triangle27,14,14,756.2995286065019,10588.193400491027,0.5607970000000932,423,252,171,42780.96700245514,8556.193400491027,231.0,1260.0,513.0,28.0,14,27,full_coverage,12,11,holdout
20271007,4,random,spatial,grid49,12,12,1081.711895097701,12980.542741172412,0.7798664000001736,687,442,245,48072.71370586205,9614.54274117241,397.0,2210.0,735.0,24.0,12,49,full_coverage,12,11,holdout
20271007,4,random,spatial,triangle27,12,12,795.6015328893869,9547.218394672644,0.2938297999999122,362,316,46,37556.091973363225,7511.2183946726445,294.0,1580.0,138.0,24.0,12,27,full_coverage,15,12,holdout
20271008,4,random,spatial,grid49,14,14,834.9207939852652,11688.891115793713,0.46280079999996815,480,382,98,45604.45557896856,9120.891115793713,336.0,1910.0,294.0,28.0,14,49,full_coverage,17,11,holdout
20271008,4,random,spatial,triangle27,14,14,710.7025807124999,9949.836129974998,0.23622419999992417,296,221,75,41969.18064987499,8393.836129974998,198.0,1105.0,225.0,28.0,14,27,full_coverage,17,14,holdout
20271009,4,random,spatial,grid49,12,12,1037.3574441249657,12448.289329499588,0.8039765000003172,654,483,171,45281.44664749794,9056.289329499588,440.0,2415.0,513.0,24.0,12,49,full_coverage,8,5,holdout
20271009,4,random,spatial,triangle27,12,12,851.5168834654704,10218.202601585645,0.5536466000003202,388,291,97,40901.013007928224,8180.2026015856445,268.0,1455.0,291.0,24.0,12,27,full_coverage,8,4,holdout
20280910,4,boundary,constant,grid49,14,14,1080.9712659413888,15133.597723179442,1.332186399999955,830,657,173,53437.988615897266,10687.597723179453,614.0,3285.0,519.0,28.0,14,49,full_coverage,7,2,stress
20280910,4,boundary,constant,triangle27,14,14,790.155534842051,11062.177487788715,1.3627615000000333,520,358,162,42135.8874389436,8427.17748778872,331.0,1790.0,486.0,28.0,14,27,full_coverage,13,2,stress
20280911,4,boundary,constant,grid49,12,12,1310.6164145268574,15727.396974322288,1.203496399999949,990,747,243,52686.984871611494,10537.396974322299,702.0,3735.0,729.0,24.0,12,49,full_coverage,6,2,stress
20280911,4,boundary,constant,triangle27,12,12,971.9037087780267,11662.844505336321,1.725479599999744,679,425,254,41759.22252668166,8351.844505336332,400.0,2125.0,762.0,24.0,12,27,full_coverage,6,0,stress
20280912,4,boundary,constant,grid49,16,16,780.8693040242846,12493.908864388553,1.3650547000002007,706,528,178,43989.5443219428,8797.908864388559,490.0,2640.0,534.0,32.0,16,43,count_upper_bound,12,3,stress
20280912,4,boundary,constant,triangle27,16,16,686.9674926861112,10991.47988297778,1.6634088999999221,586,344,242,40962.399414888925,8192.479882977785,321.0,1720.0,726.0,32.0,16,24,count_upper_bound,16,3,stress
20280913,4,boundary,constant,grid49,12,12,1301.0007444606008,15612.00893352721,1.2991415000001325,867,686,181,54845.04466763609,10969.008933527217,646.0,3430.0,543.0,24.0,12,49,full_coverage,2,0,stress
20280913,4,boundary,constant,triangle27,12,12,984.1052106041612,11809.262527249935,1.0449436999997488,646,399,247,43356.31263624972,8671.262527249944,378.0,1995.0,741.0,24.0,12,27,full_coverage,3,0,stress
20280914,4,boundary,constant,grid49,16,16,902.0393398184918,14432.62943709587,1.667693099999724,815,643,172,50358.147185479385,10071.629437095877,598.0,3215.0,516.0,32.0,16,46,count_upper_bound,17,1,stress
20280914,4,boundary,constant,triangle27,16,16,719.9953699453135,11519.925919125017,1.5396053999998003,575,311,264,44259.6295956251,8851.92591912502,289.0,1555.0,792.0,32.0,16,26,count_upper_bound,14,2,stress
20280915,4,boundary,constant,grid49,13,13,1217.6545221013653,15829.508787317749,1.22321170000032,1076,785,291,51317.54393658879,10263.508787317758,742.0,3925.0,873.0,26.0,13,49,full_coverage,8,2,stress
20280915,4,boundary,constant,triangle27,13,13,790.6169436376366,10278.020267289276,0.5288316999999552,562,435,127,36400.101336446394,7280.020267289278,416.0,2175.0,381.0,26.0,13,27,full_coverage,5,5,stress
20280916,4,boundary,constant,grid49,10,10,1329.801839115055,13298.01839115055,0.6997012999995604,846,733,113,42940.09195575276,8588.018391150552,686.0,3665.0,339.0,20.0,10,49,full_coverage,5,1,stress
20280916,4,boundary,constant,triangle27,10,10,959.8394549374661,9598.394549374661,0.47853889999987587,520,426,94,33816.9727468733,6763.394549374661,403.0,2130.0,282.0,20.0,10,27,full_coverage,4,2,stress
20280917,4,boundary,constant,grid49,10,10,1394.3633174249535,13943.633174249535,0.7595049999999901,913,797,116,44198.16587124769,8839.633174249539,751.0,3985.0,348.0,20.0,10,49,full_coverage,4,0,stress
20280917,4,boundary,constant,triangle27,10,10,1047.3421006188485,10473.421006188484,0.7914649999997891,595,440,155,36847.105030942446,7369.42100618849,419.0,2200.0,465.0,20.0,10,27,full_coverage,3,1,stress
20280918,4,boundary,constant,grid49,16,16,911.1386364618033,14578.218183388854,2.531800600000224,859,580,279,51366.09091694432,10273.218183388864,536.0,2900.0,837.0,32.0,16,45,count_upper_bound,12,1,stress
20280918,4,boundary,constant,triangle27,16,16,708.928993580506,11342.863897288096,1.5003762999999708,586,374,212,42274.31948644054,8454.863897288107,350.0,1870.0,636.0,32.0,16,26,count_upper_bound,11,3,stress
20280919,4,boundary,constant,grid49,15,15,898.8856464982856,13483.284697474284,0.9615370000001349,719,610,109,47551.42348737146,9510.284697474292,566.0,3050.0,327.0,30.0,15,49,full_coverage,9,2,stress
20280919,4,boundary,constant,triangle27,15,15,694.4533677690921,10416.800516536381,1.3178262999999788,529,372,157,38534.002582681926,7706.800516536386,349.0,1860.0,471.0,30.0,15,27,full_coverage,10,5,stress
20280910,4,cluster,smooth,grid49,14,14,713.0481193975374,9982.673671565524,0.8901897000000645,371,327,44,39538.368357827625,7907.673671565524,280.0,1635.0,132.0,28.0,14,49,full_coverage,13,9,stress
20280910,4,cluster,smooth,triangle27,14,14,540.829887709034,7571.618427926476,0.4528823000000557,256,199,57,31023.092139632383,6204.618427926476,173.0,995.0,171.0,28.0,14,27,full_coverage,13,10,stress
20280911,4,cluster,smooth,grid49,12,12,839.0668771353966,10068.802525624758,0.6230550000000221,457,441,16,36984.01262812379,7396.802525624758,395.0,2205.0,48.0,24.0,12,49,full_coverage,9,6,stress
20280911,4,cluster,smooth,triangle27,12,12,662.9715324888506,7955.6583898662075,0.5359937000002901,300,244,56,31618.291949331033,6323.658389866207,220.0,1220.0,168.0,24.0,12,27,full_coverage,10,9,stress
20280912,4,cluster,smooth,grid49,16,16,225.15425730092875,3602.46811681486,1.0012662999997701,195,62,133,14007.3405840743,2801.46811681486,60.0,310.0,399.0,32.0,16,3,count_upper_bound,16,8,stress
20280912,4,cluster,smooth,triangle27,16,16,139.85655200829993,2237.704832132799,0.6058305999999902,132,55,77,8238.524160663996,1647.704832132799,52.0,275.0,231.0,32.0,16,3,count_upper_bound,18,12,stress
20280913,4,cluster,smooth,grid49,12,12,839.8758816418027,10078.510579701633,0.5895771000000423,460,423,37,37267.55289850816,7453.510579701633,375.0,2115.0,111.0,24.0,12,49,full_coverage,9,8,stress
20280913,4,cluster,smooth,triangle27,12,12,691.7197387165985,8300.636864599182,0.6046714999997675,321,248,73,32973.18432299591,6594.636864599182,223.0,1240.0,219.0,24.0,12,27,full_coverage,11,8,stress
20280914,4,cluster,smooth,grid49,16,16,201.65809689628077,3226.5295503404923,0.7732945000002474,151,65,86,12757.647751702463,2551.5295503404927,60.0,325.0,258.0,32.0,16,4,count_upper_bound,14,9,stress
20280914,4,cluster,smooth,triangle27,16,16,168.46160284224055,2695.385645475849,0.7263616000000184,160,62,98,10006.928227379245,2001.385645475849,58.0,310.0,294.0,32.0,16,3,count_upper_bound,20,11,stress
20280915,4,cluster,smooth,grid49,13,13,831.2390020839734,10806.107027091655,0.5853956000000835,416,376,40,42270.535135458274,8454.107027091655,326.0,1880.0,120.0,26.0,13,49,full_coverage,12,7,stress
20280915,4,cluster,smooth,triangle27,13,13,610.5257177376368,7936.834330589278,0.683520099999896,302,224,78,31814.171652946392,6362.834330589279,194.0,1120.0,234.0,26.0,13,27,full_coverage,15,8,stress
20280916,4,cluster,smooth,grid49,10,10,1076.7021103287964,10767.021103287963,0.5252049000000625,529,513,16,38340.10551643981,7668.021103287962,466.0,2565.0,48.0,20.0,10,49,full_coverage,8,6,stress
20280916,4,cluster,smooth,triangle27,10,10,878.2593750177127,8782.593750177128,0.7908836999999949,401,301,100,33417.968750885644,6683.59375017713,274.0,1505.0,300.0,20.0,10,27,full_coverage,9,5,stress
20280917,4,cluster,smooth,grid49,10,10,1024.6231514540973,10246.231514540974,0.2881584000001567,530,512,18,35741.15757270487,7148.231514540974,464.0,2560.0,54.0,20.0,10,49,full_coverage,9,7,stress
20280917,4,cluster,smooth,triangle27,10,10,866.8633328228286,8668.633328228287,0.4721038000002409,376,297,79,33268.16664114143,6653.633328228287,273.0,1485.0,237.0,20.0,10,27,full_coverage,9,5,stress
20280918,4,cluster,smooth,grid49,16,16,209.30290041895606,3348.846406703297,0.8870198999998138,154,61,93,13374.232033516488,2674.8464067032974,58.0,305.0,279.0,32.0,16,4,count_upper_bound,14,9,stress
20280918,4,cluster,smooth,triangle27,16,16,124.74678730684901,1995.9485969095842,0.43429080000032627,114,53,61,7324.742984547922,1464.9485969095845,51.0,265.0,183.0,32.0,16,3,count_upper_bound,15,12,stress
20280919,4,cluster,smooth,grid49,15,15,663.5993926012618,9953.990889018927,0.6264682999999422,304,282,22,41069.954445094634,8213.990889018927,234.0,1410.0,66.0,30.0,15,49,full_coverage,13,9,stress
20280919,4,cluster,smooth,triangle27,15,15,570.7114672289906,8560.67200843486,0.8792929999999615,302,175,127,35633.36004217431,7126.672008434862,148.0,875.0,381.0,30.0,15,27,full_coverage,16,10,stress
20280910,4,radius_min,spatial,grid49,14,14,833.7966162738919,11673.152627834486,0.5691927000002579,502,411,91,44745.76313917243,8949.152627834486,368.0,2055.0,273.0,28.0,14,49,full_coverage,6,4,stress
20280910,4,radius_min,spatial,triangle27,14,14,654.0865848076555,9157.212187307177,0.24876339999991615,305,256,49,37336.06093653588,7467.212187307177,235.0,1280.0,147.0,28.0,14,27,full_coverage,14,8,stress
20280911,4,radius_min,spatial,grid49,12,12,997.2317691640828,11966.781229968994,0.47616930000003777,668,605,63,40833.90614984499,8166.781229968998,562.0,3025.0,189.0,24.0,12,49,full_coverage,5,4,stress
20280911,4,radius_min,spatial,triangle27,12,12,820.3275993871671,9843.931192646005,0.38708919999999125,396,330,66,38324.65596323002,7664.931192646004,307.0,1650.0,198.0,24.0,12,27,full_coverage,7,2,stress
20280912,4,radius_min,spatial,grid49,16,16,655.7158729214326,10491.453966742922,0.7762688000002527,447,362,85,40317.26983371462,8063.453966742924,331.0,1810.0,255.0,32.0,16,39,count_upper_bound,5,4,stress
20280912,4,radius_min,spatial,triangle27,16,16,668.8294948726209,10701.271917961934,1.2857975000001716,422,238,184,43531.35958980966,8706.271917961933,221.0,1190.0,552.0,32.0,16,21,count_upper_bound,9,3,stress
20280913,4,radius_min,spatial,grid49,12,12,919.7126961258726,11036.552353510471,0.20965690000002724,571,527,44,38802.76176755235,7760.552353510469,485.0,2635.0,132.0,24.0,12,49,full_coverage,5,4,stress
20280913,4,radius_min,spatial,triangle27,12,12,787.3813387864294,9448.576065437153,0.2688666999997622,367,332,35,36737.88032718577,7347.576065437153,312.0,1660.0,105.0,24.0,12,27,full_coverage,2,2,stress
20280914,4,radius_min,spatial,grid49,16,16,516.8484511919822,8269.575219071716,0.6123643999999331,433,304,129,30252.876095358573,6050.575219071715,280.0,1520.0,387.0,32.0,16,28,count_upper_bound,10,7,stress
20280914,4,radius_min,spatial,triangle27,16,16,583.1639968102743,9330.623948964389,0.7608488000000762,397,255,142,36813.119744821954,7362.623948964391,235.0,1275.0,426.0,32.0,16,24,count_upper_bound,17,12,stress
20280915,4,radius_min,spatial,grid49,13,13,997.204937023563,12963.66418130632,0.5564131999999518,700,569,131,45883.32090653162,9176.664181306323,523.0,2845.0,393.0,26.0,13,49,full_coverage,12,5,stress
20280915,4,radius_min,spatial,triangle27,13,13,699.6062720114352,9094.881536148658,0.3773363000000245,318,284,34,36424.40768074329,7284.881536148657,262.0,1420.0,102.0,26.0,13,27,full_coverage,10,7,stress
20280916,4,radius_min,spatial,grid49,10,10,1188.5705773161276,11885.705773161277,0.383085100000244,609,550,59,42173.52886580638,8434.705773161277,504.0,2750.0,177.0,20.0,10,49,full_coverage,15,6,stress
20280916,4,radius_min,spatial,triangle27,10,10,932.5505676266763,9325.505676266763,0.22457189999977345,416,378,38,34732.52838133381,6946.505676266762,355.0,1890.0,114.0,20.0,10,27,full_coverage,8,6,stress
20280917,4,radius_min,spatial,grid49,10,10,1207.3358649753616,12073.358649753616,0.3218987999998717,679,604,75,41241.79324876808,8248.358649753616,560.0,3020.0,225.0,20.0,10,49,full_coverage,8,6,stress
20280917,4,radius_min,spatial,triangle27,10,10,901.6851508046311,9016.851508046311,0.12478460000011182,360,342,18,34564.25754023156,6912.851508046312,320.0,1710.0,54.0,20.0,10,27,full_coverage,4,3,stress
20280918,4,radius_min,spatial,grid49,16,16,670.6963719390426,10731.141951024681,0.38158170000042446,434,372,62,41605.70975512343,8321.141951024687,332.0,1860.0,186.0,32.0,16,42,count_upper_bound,15,9,stress
20280918,4,radius_min,spatial,triangle27,16,16,521.4862407154768,8343.779851447629,0.21184709999988627,260,228,32,34353.89925723815,6870.779851447629,205.0,1140.0,96.0,32.0,16,23,count_upper_bound,19,11,stress
20280919,4,radius_min,spatial,grid49,15,15,767.661971906604,11514.92957859906,0.4819647999997869,532,420,112,43354.6478929953,8670.92957859906,378.0,2100.0,336.0,30.0,15,49,full_coverage,18,13,stress
20280919,4,radius_min,spatial,triangle27,15,15,694.6089629661836,10419.134444492754,0.5995416999999179,407,271,136,41885.67222246378,8377.134444492756,249.0,1355.0,408.0,30.0,15,27,full_coverage,9,7,stress
20280910,4,all_directional,constant,grid49,14,14,1108.8265390200938,15523.571546281313,1.7820188999999118,953,605,348,54317.857731406606,10863.57154628132,563.0,3025.0,1044.0,28.0,14,49,full_coverage,5,1,stress
20280910,4,all_directional,constant,triangle27,14,14,780.7758268550542,10930.861575970759,1.1464114000000336,458,318,140,42974.307879853804,8594.86157597076,298.0,1590.0,420.0,28.0,14,27,full_coverage,7,4,stress
20280911,4,all_directional,constant,grid49,12,12,1185.9882807736547,14231.859369283855,0.9916942999998355,736,571,165,51659.29684641928,10331.859369283857,526.0,2855.0,495.0,24.0,12,49,full_coverage,5,1,stress
20280911,4,all_directional,constant,triangle27,12,12,975.045566246315,11700.54679495578,1.350514100000055,580,324,256,44952.73397477891,8990.546794955782,298.0,1620.0,768.0,24.0,12,27,full_coverage,12,1,stress
20280912,4,all_directional,constant,grid49,16,16,702.2462724337656,11235.94035894025,1.1203758000001471,590,432,158,40834.70179470127,8166.940358940255,403.0,2160.0,474.0,32.0,16,34,count_upper_bound,6,2,stress
20280912,4,all_directional,constant,triangle27,16,16,621.3526388804468,9941.642222087148,1.11824149999984,477,277,200,38343.21111043576,7668.642222087152,256.0,1385.0,600.0,32.0,16,23,count_upper_bound,10,5,stress
20280913,4,all_directional,constant,grid49,12,12,1197.2477828559447,14366.973394271337,1.4512390999998388,787,581,206,51424.866971356685,10284.973394271337,535.0,2905.0,618.0,24.0,12,49,full_coverage,8,1,stress
20280913,4,all_directional,constant,triangle27,12,12,880.4003711183294,10564.804453419953,0.651453599999968,451,346,105,40864.022267099775,8172.804453419954,323.0,1730.0,315.0,24.0,12,27,full_coverage,9,5,stress
20280914,4,all_directional,constant,grid49,16,16,769.0917322375643,12305.467715801029,1.3720634000001155,691,403,288,45092.33857900517,9018.467715801035,376.0,2015.0,864.0,32.0,16,36,count_upper_bound,3,1,stress
20280914,4,all_directional,constant,triangle27,16,16,694.788971317013,11116.623541072207,1.4999508000000787,521,285,236,43418.117705361045,8683.62354107221,268.0,1425.0,708.0,32.0,16,24,count_upper_bound,5,2,stress
20280915,4,all_directional,constant,grid49,13,13,1123.8849236575857,14610.504007548612,0.9744110000001456,901,648,253,49887.52003774308,9977.504007548616,608.0,3240.0,759.0,26.0,13,49,full_coverage,3,1,stress
20280915,4,all_directional,constant,triangle27,13,13,879.1463546947612,11428.902611031896,1.3578701999999794,552,340,212,43734.51305515947,8746.902611031894,320.0,1700.0,636.0,26.0,13,27,full_coverage,5,2,stress
20280916,4,all_directional,constant,grid49,10,10,1412.2958933930481,14122.958933930482,1.0761968000001616,946,687,259,46219.794669652445,9243.95893393049,647.0,3435.0,777.0,20.0,10,49,full_coverage,0,0,stress
20280916,4,all_directional,constant,triangle27,10,10,1228.8606091219503,12288.606091219503,1.282383999999638,739,381,358,44658.030456097535,8931.606091219506,358.0,1905.0,1074.0,20.0,10,27,full_coverage,3,1,stress
20280917,4,all_directional,constant,grid49,10,10,1439.7794084916807,14397.794084916806,0.6361298000001625,844,729,115,48513.97042458407,9702.794084916814,685.0,3645.0,345.0,20.0,10,49,full_coverage,4,2,stress
20280917,4,all_directional,constant,triangle27,10,10,1151.860059523391,11518.600595233911,0.9805978999997933,600,411,189,42413.00297616958,8482.600595233915,394.0,2055.0,567.0,20.0,10,27,full_coverage,0,0,stress
20280918,4,all_directional,constant,grid49,16,16,774.6928012830756,12395.08482052921,1.5516864999999598,633,434,199,45990.424102646066,9198.084820529213,398.0,2170.0,597.0,32.0,16,40,count_upper_bound,7,1,stress
20280918,4,all_directional,constant,triangle27,16,16,457.6740949882072,7322.785519811315,0.7349901000002319,314,213,101,28593.92759905657,5718.785519811314,204.0,1065.0,303.0,32.0,16,15,count_upper_bound,12,7,stress
20280919,4,all_directional,constant,grid49,15,15,931.407169880095,13971.107548201426,0.9600749000001088,795,553,242,49690.53774100713,9938.107548201426,512.0,2765.0,726.0,30.0,15,49,full_coverage,7,3,stress
20280919,4,all_directional,constant,triangle27,15,15,853.9871345676344,12809.807018514515,1.8310175999999956,636,339,297,49379.03509257259,9875.807018514517,318.0,1695.0,891.0,30.0,15,27,full_coverage,5,1,stress
20280910,4,random,smooth,grid49,14,14,845.9024662050161,11842.634526870226,0.41028589999996257,455,396,59,46528.172634351125,9305.634526870224,352.0,1980.0,177.0,28.0,14,49,full_coverage,9,8,stress
20280910,4,random,smooth,triangle27,14,14,652.554502637973,9135.763036931621,0.6238640999999916,325,252,73,36993.8151846581,7398.763036931621,230.0,1260.0,219.0,28.0,14,27,full_coverage,16,11,stress
20280911,4,random,smooth,grid49,12,12,962.0777007457305,11544.932408948765,0.3145713999997497,617,480,137,41384.662044743825,8276.932408948765,433.0,2400.0,411.0,24.0,12,49,full_coverage,13,8,stress
20280911,4,random,smooth,triangle27,12,12,810.6656639737721,9727.987967685265,0.5348780999997871,407,285,122,38259.939838426326,7651.987967685265,261.0,1425.0,366.0,24.0,12,27,full_coverage,11,7,stress
20280912,4,random,smooth,grid49,16,16,703.9382259770796,11263.011615633273,1.013861800000086,611,256,355,43285.05807816636,8657.011615633272,229.0,1280.0,1065.0,32.0,16,32,count_upper_bound,11,8,stress
20280912,4,random,smooth,triangle27,16,16,581.3061765971779,9300.898825554847,0.9339681999999812,508,214,294,35589.49412777424,7117.898825554848,199.0,1070.0,882.0,32.0,16,16,count_upper_bound,12,7,stress
20280913,4,random,smooth,grid49,12,12,958.5345506454478,11502.414607745373,0.29425599999967744,594,478,116,41532.07303872688,8306.414607745375,434.0,2390.0,348.0,24.0,12,49,full_coverage,11,11,stress
20280913,4,random,smooth,triangle27,12,12,757.4943495842354,9089.932195010824,0.26880190000019866,317,277,40,36539.660975054125,7307.932195010824,253.0,1385.0,120.0,24.0,12,27,full_coverage,15,10,stress
20280914,4,random,smooth,grid49,16,16,372.8194264942359,5965.110823907775,0.360378700000183,273,142,131,23495.554119538872,4699.110823907775,131.0,710.0,393.0,32.0,16,12,count_upper_bound,18,11,stress
20280914,4,random,smooth,triangle27,16,16,335.25347402273053,5364.0555843636885,0.6759629999996832,194,111,83,22110.277921818448,4422.055584363689,106.0,555.0,249.0,32.0,16,7,count_upper_bound,18,13,stress
20280915,4,random,smooth,grid49,13,13,942.9204793847774,12257.966232002107,0.44044209999992745,582,534,48,44649.831160010544,8929.966232002109,488.0,2670.0,144.0,26.0,13,49,full_coverage,12,10,stress
20280915,4,random,smooth,triangle27,13,13,759.0541510376107,9867.703963488939,0.629960900000242,383,261,122,39673.5198174447,7934.70396348894,236.0,1305.0,366.0,26.0,13,27,full_coverage,14,8,stress
20280916,4,random,smooth,grid49,10,10,1292.0750870252275,12920.750870252275,0.5008442999996987,785,597,188,44003.75435126136,8800.750870252272,551.0,2985.0,564.0,20.0,10,49,full_coverage,4,0,stress
20280916,4,random,smooth,triangle27,10,10,961.1803880274472,9611.803880274472,0.31848970000010013,454,352,102,35979.01940137236,7195.803880274472,330.0,1760.0,306.0,20.0,10,27,full_coverage,6,4,stress
20280917,4,random,smooth,grid49,10,10,1363.1776371006295,13631.776371006294,0.5429688999997779,758,600,158,47903.88185503147,9580.776371006294,557.0,3000.0,474.0,20.0,10,49,full_coverage,5,2,stress
20280917,4,random,smooth,triangle27,10,10,989.8895201987012,9898.895201987012,0.48712369999975635,455,344,111,37524.47600993506,7504.895201987012,321.0,1720.0,333.0,20.0,10,27,full_coverage,4,2,stress
20280918,4,random,smooth,grid49,16,16,450.65056455462127,7210.40903287394,0.3058928000000378,292,248,44,27922.0451643697,5584.40903287394,222.0,1240.0,132.0,32.0,16,29,count_upper_bound,16,13,stress
20280918,4,random,smooth,triangle27,16,16,421.66199438031447,6746.5919100850315,0.5865296000001763,312,155,157,26617.959550425156,5323.5919100850315,145.0,775.0,471.0,32.0,16,14,count_upper_bound,18,16,stress
20280919,4,random,smooth,grid49,15,15,780.5880488097827,11708.82073214674,0.5456774999997833,484,406,78,45279.1036607337,9055.82073214674,359.0,2030.0,234.0,30.0,15,49,full_coverage,19,13,stress
20280919,4,random,smooth,triangle27,15,15,717.0288410581626,10755.432615872438,0.5444548999998915,370,234,136,44692.16307936219,8938.432615872438,209.0,1170.0,408.0,30.0,15,27,full_coverage,16,6,stress
20290910,3,random,spatial,grid49,16,16,267.73395714102827,4283.743314256452,0.09131460000025982,141,103,38,17618.716571282257,3523.7433142564514,99.0,515.0,114.0,32.0,16,7,count_upper_bound,14,12,q3_regression
20290910,3,random,spatial,triangle27,16,16,267.73395714102827,4283.743314256452,0.09111560000019381,141,103,38,17618.716571282257,3523.7433142564514,99.0,515.0,114.0,32.0,16,7,count_upper_bound,14,12,q3_regression
20290911,3,random,spatial,grid49,15,15,289.28274138861684,4339.241120829252,0.07095030000027691,122,93,29,18331.20560414626,3666.241120829252,91.0,465.0,87.0,30.0,15,7,full_coverage,13,12,q3_regression
20290911,3,random,spatial,triangle27,15,15,289.28274138861684,4339.241120829252,0.07072580000021844,122,93,29,18331.20560414626,3666.241120829252,91.0,465.0,87.0,30.0,15,7,full_coverage,13,12,q3_regression
20290912,3,random,spatial,grid49,14,14,311.02700756280166,4354.378105879223,0.05769559999998819,139,105,34,17991.89052939611,3598.378105879222,101.0,525.0,102.0,28.0,14,7,full_coverage,14,12,q3_regression
20290912,3,random,spatial,triangle27,14,14,311.02700756280166,4354.378105879223,0.05852039999990666,139,105,34,17991.89052939611,3598.378105879222,101.0,525.0,102.0,28.0,14,7,full_coverage,14,12,q3_regression
20290913,3,random,spatial,grid49,13,13,348.96242542839104,4536.511530569083,0.06542709999985163,140,108,32,18872.55765284541,3774.5115305690824,100.0,540.0,96.0,26.0,13,7,full_coverage,14,12,q3_regression
20290913,3,random,spatial,triangle27,13,13,348.96242542839104,4536.511530569083,0.0651001000001088,140,108,32,18872.55765284541,3774.5115305690824,100.0,540.0,96.0,26.0,13,7,full_coverage,14,12,q3_regression
20290914,3,random,spatial,grid49,15,15,311.33895992645523,4670.084398896828,0.06358329999966372,126,93,33,19930.42199448414,3986.084398896828,90.0,465.0,99.0,30.0,15,7,full_coverage,13,12,q3_regression
20290914,3,random,spatial,triangle27,15,15,311.33895992645523,4670.084398896828,0.06244460000016261,126,93,33,19930.42199448414,3986.084398896828,90.0,465.0,99.0,30.0,15,7,full_coverage,13,12,q3_regression
20290915,3,random,spatial,grid49,10,10,396.4510155150129,3964.510155150129,0.0517174999999952,124,105,19,16307.550775750644,3261.510155150129,101.0,525.0,57.0,20.0,10,7,full_coverage,9,9,q3_regression
20290915,3,random,spatial,triangle27,10,10,396.4510155150129,3964.510155150129,0.05175710000003164,124,105,19,16307.550775750644,3261.510155150129,101.0,525.0,57.0,20.0,10,7,full_coverage,9,9,q3_regression
20290916,3,random,spatial,grid49,14,14,302.2261265700544,4231.165771980762,0.0889694999996209,144,96,48,17445.82885990381,3489.1657719807617,90.0,480.0,144.0,28.0,14,7,full_coverage,18,15,q3_regression
20290916,3,random,spatial,triangle27,14,14,302.2261265700544,4231.165771980762,0.08861130000013873,144,96,48,17445.82885990381,3489.1657719807617,90.0,480.0,144.0,28.0,14,7,full_coverage,18,15,q3_regression
20290917,3,random,spatial,grid49,14,14,319.38664845111754,4471.413078315645,0.0726902000001246,153,111,42,18287.065391578224,3657.4130783156447,105.0,555.0,126.0,28.0,14,7,full_coverage,19,13,q3_regression
20290917,3,random,spatial,triangle27,14,14,319.38664845111754,4471.413078315645,0.07349229999999807,153,111,42,18287.065391578224,3657.4130783156447,105.0,555.0,126.0,28.0,14,7,full_coverage,19,13,q3_regression
20290918,3,random,spatial,grid49,14,14,273.64918277891064,3831.0885589047493,0.07400120000011157,122,97,25,15750.442794523748,3150.0885589047493,93.0,485.0,75.0,28.0,14,7,full_coverage,22,17,q3_regression
20290918,3,random,spatial,triangle27,14,14,273.64918277891064,3831.0885589047493,0.07333219999964058,122,97,25,15750.442794523748,3150.0885589047493,93.0,485.0,75.0,28.0,14,7,full_coverage,22,17,q3_regression
20290919,3,random,spatial,grid49,15,15,323.74770065929476,4856.215509889422,0.0736256999998659,155,96,59,20386.0775494471,4077.21550988942,92.0,480.0,177.0,30.0,15,7,full_coverage,14,12,q3_regression
20290919,3,random,spatial,triangle27,15,15,323.74770065929476,4856.215509889422,0.07373210000014296,155,96,59,20386.0775494471,4077.21550988942,92.0,480.0,177.0,30.0,15,7,full_coverage,14,12,q3_regression
