seed,question,variant,kind,noise,sources,cleared,seconds_per_source,virtual_s,runtime_s,actions,move_s,measure_s,switch_s,optical_s,laser_s,cleared_count,visited_survey_points,termination,shared_attempts,shared_hits
20260910,3,B1,random,spatial,11,11,844.9669893618462,9294.636882980309,0.024346899997908622,352,7255.636882980308,1635.0,307.0,75.0,22.0,11,25,full_coverage,,
20260910,3,route,random,spatial,11,11,820.8577083748337,9029.434792123171,0.023408800007018726,314,7224.43479212317,1435.0,267.0,81.0,22.0,11,25,full_coverage,0,0
20260910,3,shared,random,spatial,11,11,818.4710265925096,9003.181292517605,0.026031900000816677,317,7178.181292517605,1460.0,268.0,75.0,22.0,11,25,full_coverage,9,8
20260911,3,B1,random,spatial,10,10,913.1879172069761,9131.87917206976,0.02120400000421796,367,7006.87917206976,1705.0,322.0,78.0,20.0,10,25,full_coverage,,
20260911,3,route,random,spatial,10,10,893.9440849883064,8939.440849883063,0.023197099995741155,370,6805.4408498830635,1705.0,322.0,87.0,20.0,10,25,full_coverage,0,0
20260911,3,shared,random,spatial,10,10,889.2330200009585,8892.330200009585,0.02564890000212472,372,6748.330200009584,1715.0,322.0,87.0,20.0,10,25,full_coverage,5,4
20260912,3,B1,random,spatial,16,16,404.5860449818955,6473.376719710328,0.027742799997213297,189,5439.376719710328,740.0,139.0,123.0,32.0,16,13,count_upper_bound,,
20260912,3,route,random,spatial,16,16,313.9094273025327,5022.5508368405235,0.0321232999995118,180,4029.550836840522,710.0,137.0,114.0,32.0,16,10,count_upper_bound,0,0
20260912,3,shared,random,spatial,16,16,296.60865654388203,4745.738504702113,0.03462089999811724,173,3763.7385047021126,735.0,137.0,78.0,32.0,16,11,count_upper_bound,15,15
20260913,3,B1,random,spatial,10,10,903.1440773300689,9031.440773300688,0.019714699999894947,326,7170.4407733006865,1470.0,275.0,96.0,20.0,10,25,full_coverage,,
20260913,3,route,random,spatial,10,10,897.1189453249157,8971.189453249157,0.022548400003870483,350,6974.189453249156,1575.0,297.0,105.0,20.0,10,25,full_coverage,0,0
20260913,3,shared,random,spatial,10,10,888.6931679374513,8886.931679374513,0.026058700001158286,353,6871.931679374514,1590.0,300.0,105.0,20.0,10,25,full_coverage,6,5
20260914,3,B1,random,spatial,14,14,655.1732654484573,9172.425716278402,0.02202209999813931,263,7659.4257162784,1190.0,220.0,75.0,28.0,14,25,full_coverage,,
20260914,3,route,random,spatial,14,14,704.9987022792682,9869.981831909754,0.02526880000368692,281,8275.981831909754,1235.0,229.0,102.0,28.0,14,25,full_coverage,0,0
20260914,3,shared,random,spatial,14,14,687.6286452135838,9626.801032990174,0.0229920999991009,281,8022.801032990174,1255.0,231.0,90.0,28.0,14,25,full_coverage,9,9
20260915,3,B1,random,spatial,13,13,821.7122662777955,10682.259461611342,0.026864999999816064,270,9194.259461611342,1120.0,204.0,138.0,26.0,13,25,full_coverage,,
20260915,3,route,random,spatial,13,13,743.7683530862645,9668.988590121438,0.03466179999668384,279,8153.988590121438,1120.0,204.0,165.0,26.0,13,25,full_coverage,0,0
20260915,3,shared,random,spatial,13,13,706.3863210172124,9183.02217322376,0.04701759999443311,281,7620.022173223761,1190.0,218.0,129.0,26.0,13,25,full_coverage,22,13
20260916,3,B1,random,spatial,14,14,667.0243329377644,9338.340661128701,0.023723699996480718,279,7780.3406611287,1185.0,219.0,126.0,28.0,14,25,full_coverage,,
20260916,3,route,random,spatial,14,14,651.5936853745847,9122.311595244186,0.025846199998341035,249,7695.311595244183,1120.0,204.0,75.0,28.0,14,25,full_coverage,0,0
20260916,3,shared,random,spatial,14,14,637.8472225088683,8929.861115124157,0.046164999999746215,277,7404.861115124156,1145.0,208.0,144.0,28.0,14,25,full_coverage,13,12
20260917,3,B1,random,spatial,13,13,762.038398566273,9906.499181361549,0.03367920000164304,299,8283.499181361549,1200.0,220.0,177.0,26.0,13,25,full_coverage,,
20260917,3,route,random,spatial,13,13,708.629059058688,9212.177767762943,0.03525810000428464,295,7589.177767762944,1220.0,224.0,153.0,26.0,13,25,full_coverage,0,0
20260917,3,shared,random,spatial,13,13,719.2127027100069,9349.765135230089,0.03759800000261748,304,7691.76513523009,1235.0,226.0,171.0,26.0,13,25,full_coverage,13,11
20260918,3,B1,random,spatial,15,15,588.195593329145,8822.933899937176,0.016516499999852385,206,7651.933899937176,905.0,161.0,75.0,30.0,15,25,full_coverage,,
20260918,3,route,random,spatial,15,15,562.7617721157789,8441.426581736683,0.024138100001437124,212,7276.426581736683,865.0,153.0,117.0,30.0,15,25,full_coverage,0,0
20260918,3,shared,random,spatial,15,15,522.5543661227864,7838.315491841796,0.035081199996056966,232,6546.315491841797,980.0,174.0,108.0,30.0,15,25,full_coverage,22,16
20260919,3,B1,random,spatial,11,11,814.0213340715123,8954.234674786636,0.023995700001250952,309,7197.234674786636,1380.0,256.0,99.0,22.0,11,25,full_coverage,,
20260919,3,route,random,spatial,11,11,772.1483258169284,8493.631583986213,0.02653739999368554,308,6748.6315839862145,1365.0,253.0,105.0,22.0,11,25,full_coverage,0,0
20260919,3,shared,random,spatial,11,11,758.4604214585958,8343.064636044553,0.025526100005663466,306,6589.064636044555,1395.0,256.0,81.0,22.0,11,25,full_coverage,11,9
20260920,3,B1,random,spatial,13,13,732.517780330597,9522.73114429776,0.020131400000536814,278,7938.731144297762,1240.0,228.0,90.0,26.0,13,25,full_coverage,,
20260920,3,route,random,spatial,13,13,656.8974701677093,8539.667112180221,0.027621799999906216,259,7099.667112180222,1095.0,199.0,120.0,26.0,13,25,full_coverage,0,0
20260920,3,shared,random,spatial,13,13,701.8387936990382,9123.904318087496,0.03335099999821978,274,7577.904318087497,1205.0,216.0,99.0,26.0,13,25,full_coverage,17,14
20260921,3,B1,random,spatial,10,10,946.8467269230275,9468.467269230276,0.02626060000329744,323,7615.4672692302765,1475.0,274.0,84.0,20.0,10,25,full_coverage,,
20260921,3,route,random,spatial,10,10,934.7947713817093,9347.947713817093,0.030142600000544917,336,7455.947713817092,1475.0,274.0,123.0,20.0,10,25,full_coverage,0,0
20260921,3,shared,random,spatial,10,10,879.6781245742302,8796.781245742302,0.026108499994734302,332,6891.781245742303,1520.0,281.0,84.0,20.0,10,25,full_coverage,14,10
20260922,3,B1,random,spatial,14,14,681.2981352710201,9538.173893794281,0.03388099999574479,302,7861.173893794281,1270.0,235.0,144.0,28.0,14,25,full_coverage,,
20260922,3,route,random,spatial,14,14,641.5263281353442,8981.368593894818,0.033387000003131106,245,7620.36859389482,1030.0,186.0,117.0,28.0,14,25,full_coverage,0,0
20260922,3,shared,random,spatial,14,14,629.0352944569628,8806.494122397478,0.04242609999346314,265,7345.494122397478,1100.0,198.0,135.0,28.0,14,25,full_coverage,13,13
20260923,3,B1,random,spatial,10,10,907.9610923122106,9079.610923122105,0.02016410000214819,338,7135.6109231221035,1550.0,290.0,84.0,20.0,10,25,full_coverage,,
20260923,3,route,random,spatial,10,10,871.1030646519526,8711.030646519526,0.018182800005888566,327,6821.030646519526,1515.0,283.0,72.0,20.0,10,25,full_coverage,0,0
20260923,3,shared,random,spatial,10,10,866.0691410262086,8660.691410262087,0.02003580000018701,331,6752.691410262087,1525.0,285.0,78.0,20.0,10,25,full_coverage,7,7
20260924,3,B1,random,spatial,12,12,794.4755074130304,9533.706088956365,0.025660399995103944,289,7915.706088956365,1245.0,229.0,120.0,24.0,12,25,full_coverage,,
20260924,3,route,random,spatial,12,12,783.1287692105913,9397.545230527096,0.029924800001026597,288,7779.545230527094,1250.0,230.0,114.0,24.0,12,25,full_coverage,0,0
20260924,3,shared,random,spatial,12,12,752.9545927336289,9035.455112803547,0.03761500000109663,302,7316.455112803548,1350.0,249.0,96.0,24.0,12,25,full_coverage,16,9
20260925,3,B1,random,spatial,15,15,677.2232043007326,10158.348064510988,0.030945600003178697,254,8766.348064510988,1035.0,186.0,141.0,30.0,15,25,full_coverage,,
20260925,3,route,random,spatial,15,15,622.8523623257638,9342.785434886457,0.03611679999448825,226,8118.785434886457,895.0,158.0,141.0,30.0,15,25,full_coverage,0,0
20260925,3,shared,random,spatial,15,15,592.7472393298599,8891.208589947899,0.04012880000664154,236,7606.208589947899,950.0,167.0,138.0,30.0,15,25,full_coverage,19,13
20260926,3,B1,random,spatial,15,15,656.5724694800613,9848.58704220092,0.03369129999919096,246,8493.587042200917,1010.0,183.0,132.0,30.0,15,25,full_coverage,,
20260926,3,route,random,spatial,15,15,601.4345692231218,9021.518538346827,0.0397815999967861,223,7801.518538346825,900.0,161.0,129.0,30.0,15,25,full_coverage,0,0
20260926,3,shared,random,spatial,15,15,614.5082071806854,9217.623107710282,0.04667189999599941,269,7728.623107710279,1120.0,204.0,135.0,30.0,15,25,full_coverage,16,13
20260927,3,B1,random,spatial,13,13,708.548603527845,9211.131845861984,0.022143800000776537,251,7783.131845861984,1115.0,203.0,84.0,26.0,13,25,full_coverage,,
20260927,3,route,random,spatial,13,13,665.3159860948685,8649.107819233292,0.025521299998217728,255,7209.107819233292,1115.0,203.0,96.0,26.0,13,25,full_coverage,0,0
20260927,3,shared,random,spatial,13,13,688.9232618137389,8956.002403578606,0.0346306999999797,299,7288.002403578603,1275.0,235.0,132.0,26.0,13,25,full_coverage,12,11
20260928,3,B1,random,spatial,11,11,812.6871017852013,8939.558119637215,0.021123599995917175,305,7209.558119637213,1355.0,251.0,102.0,22.0,11,25,full_coverage,,
20260928,3,route,random,spatial,11,11,830.2484796253976,9132.733275879375,0.02542820000235224,314,7357.733275879373,1385.0,257.0,111.0,22.0,11,25,full_coverage,0,0
20260928,3,shared,random,spatial,11,11,791.592927880136,8707.522206681497,0.024069600003713276,326,6867.522206681495,1435.0,266.0,117.0,22.0,11,25,full_coverage,11,8
20260929,3,B1,random,spatial,11,11,847.4949283040695,9322.444211344764,0.014007400000991765,306,7539.444211344764,1440.0,267.0,54.0,22.0,11,25,full_coverage,,
20260929,3,route,random,spatial,11,11,749.1881615751037,8241.06977732614,0.016238800002611242,278,6629.06977732614,1295.0,238.0,57.0,22.0,11,25,full_coverage,0,0
20260929,3,shared,random,spatial,11,11,795.5912189081868,8751.503407990054,0.02282759999798145,319,6905.503407990054,1480.0,275.0,69.0,22.0,11,25,full_coverage,10,6
20260930,3,B1,random,spatial,14,14,655.4254590086426,9175.956426120996,0.014089500000409316,263,7648.956426120996,1215.0,224.0,60.0,28.0,14,25,full_coverage,,
20260930,3,route,random,spatial,14,14,595.3188535571895,8334.463949800653,0.020447899994906038,250,6912.463949800651,1105.0,202.0,87.0,28.0,14,25,full_coverage,0,0
20260930,3,shared,random,spatial,14,14,568.4711548904914,7958.596168466881,0.024420800000370946,255,6513.596168466878,1120.0,204.0,93.0,28.0,14,25,full_coverage,11,11
20260931,3,B1,random,spatial,12,12,736.3459869961674,8836.151843954009,0.024849400004313793,323,6975.1518439540105,1480.0,276.0,81.0,24.0,12,25,full_coverage,,
20260931,3,route,random,spatial,12,12,738.116598529113,8857.399182349356,0.022917900001630187,297,7142.399182349356,1365.0,254.0,72.0,24.0,12,25,full_coverage,0,0
20260931,3,shared,random,spatial,12,12,805.960041014789,9671.520492177468,0.02844609999738168,318,7879.520492177466,1390.0,258.0,120.0,24.0,12,25,full_coverage,7,6
20260932,3,B1,random,spatial,13,13,784.2110950855039,10194.74423611155,0.025311200006399304,318,8430.74423611155,1340.0,248.0,150.0,26.0,13,25,full_coverage,,
20260932,3,route,random,spatial,13,13,661.7814707306135,8603.159119497976,0.026758100000733975,275,7046.159119497976,1210.0,222.0,99.0,26.0,13,25,full_coverage,0,0
20260932,3,shared,random,spatial,13,13,640.7324379993157,8329.521693991104,0.0393982000023243,286,6719.521693991104,1245.0,228.0,111.0,26.0,13,25,full_coverage,15,15
20260933,3,B1,random,spatial,10,10,1008.3029933847909,10083.029933847909,0.02105610000580782,328,8240.029933847909,1435.0,265.0,123.0,20.0,10,25,full_coverage,,
20260933,3,route,random,spatial,10,10,846.6583327617784,8466.583327617784,0.023245000003953464,315,6701.583327617784,1370.0,252.0,123.0,20.0,10,25,full_coverage,0,0
20260933,3,shared,random,spatial,10,10,828.6026228821411,8286.02622882141,0.025170799999614246,317,6486.026228821411,1420.0,261.0,99.0,20.0,10,25,full_coverage,16,11
20260934,3,B1,random,spatial,14,14,725.1941761456811,10152.718466039536,0.032840500003658235,280,8643.718466039536,1100.0,201.0,180.0,28.0,14,25,full_coverage,,
20260934,3,route,random,spatial,14,14,639.9224091973587,8958.913728763022,0.03337450000253739,287,7355.913728763022,1220.0,226.0,129.0,28.0,14,25,full_coverage,0,0
20260934,3,shared,random,spatial,14,14,681.3055973596271,9538.278363034779,0.039452800003346056,262,8093.278363034779,1090.0,195.0,132.0,28.0,14,25,full_coverage,16,14
20260935,3,B1,random,spatial,10,10,981.2797891515481,9812.797891515482,0.02186989999609068,342,7826.797891515479,1600.0,300.0,66.0,20.0,10,25,full_coverage,,
20260935,3,route,random,spatial,10,10,846.8925034354492,8468.925034354492,0.018631799997820053,291,6766.925034354492,1385.0,255.0,42.0,20.0,10,25,full_coverage,0,0
20260935,3,shared,random,spatial,10,10,944.1427340745086,9441.427340745086,0.027841800001624506,365,7370.427340745083,1630.0,304.0,117.0,20.0,10,25,full_coverage,11,9
20260936,3,B1,random,spatial,15,15,633.3518940877184,9500.278411315776,0.02460659999633208,222,8255.278411315774,950.0,169.0,96.0,30.0,15,25,full_coverage,,
20260936,3,route,random,spatial,15,15,600.9656764125294,9014.48514618794,0.029736399999819696,229,7748.485146187939,950.0,169.0,117.0,30.0,15,25,full_coverage,0,0
20260936,3,shared,random,spatial,15,15,569.8444259218687,8547.66638882803,0.037641299997630995,241,7210.666388828029,1010.0,180.0,117.0,30.0,15,25,full_coverage,14,12
20260937,3,B1,random,spatial,11,11,798.3888840773776,8782.277724851154,0.020232400005625095,306,7062.277724851153,1335.0,246.0,117.0,22.0,11,25,full_coverage,,
20260937,3,route,random,spatial,11,11,753.566221783156,8289.228439614717,0.02481199999601813,316,6491.228439614715,1415.0,262.0,99.0,22.0,11,25,full_coverage,0,0
20260937,3,shared,random,spatial,11,11,792.2056705979979,8714.262376577977,0.03234500000689877,313,6925.262376577977,1415.0,262.0,90.0,22.0,11,25,full_coverage,12,11
20260938,3,B1,random,spatial,12,12,812.8048980750937,9753.658776901124,0.010254699998768046,282,8104.658776901126,1330.0,247.0,48.0,24.0,12,25,full_coverage,,
20260938,3,route,random,spatial,12,12,686.0278715051253,8232.334458061503,0.01391160000639502,264,6703.334458061503,1220.0,225.0,60.0,24.0,12,25,full_coverage,0,0
20260938,3,shared,random,spatial,12,12,672.2940980845286,8067.529177014343,0.023426699997799005,270,6507.529177014343,1245.0,228.0,63.0,24.0,12,25,full_coverage,11,10
20260939,3,B1,random,spatial,10,10,893.6526792725101,8936.5267927251,0.01314989999809768,323,7061.5267927251025,1510.0,282.0,63.0,20.0,10,25,full_coverage,,
20260939,3,route,random,spatial,10,10,864.2253580985107,8642.253580985107,0.015431799998623319,323,6767.253580985106,1510.0,282.0,63.0,20.0,10,25,full_coverage,0,0
20260939,3,shared,random,spatial,10,10,851.4289655991536,8514.289655991535,0.022178400002303533,329,6615.289655991534,1525.0,282.0,72.0,20.0,10,25,full_coverage,8,7
20260940,3,B1,random,spatial,10,10,868.5822175164019,8685.82217516402,0.016341900001862086,327,6795.822175164018,1515.0,283.0,72.0,20.0,10,25,full_coverage,,
20260940,3,route,random,spatial,10,10,850.9186700106777,8509.186700106777,0.018660100002307445,322,6634.186700106775,1515.0,283.0,57.0,20.0,10,25,full_coverage,0,0
20260940,3,shared,random,spatial,10,10,853.123457963103,8531.23457963103,0.021372899995185435,327,6634.234579631029,1530.0,284.0,63.0,20.0,10,25,full_coverage,10,6
20260941,3,B1,random,spatial,11,11,837.1929476309095,9209.122423940005,0.024761500004387926,361,7176.122423940005,1580.0,296.0,135.0,22.0,11,25,full_coverage,,
20260941,3,route,random,spatial,11,11,799.0361855630017,8789.398041193019,0.02696769999602111,344,6807.398041193019,1580.0,296.0,84.0,22.0,11,25,full_coverage,0,0
20260941,3,shared,random,spatial,11,11,787.050400141862,8657.554401560483,0.026519099999859463,349,6646.554401560483,1605.0,300.0,84.0,22.0,11,25,full_coverage,10,7
20260942,3,B1,random,spatial,12,12,730.9798394711416,8771.7580736537,0.01593220000358997,292,7103.758073653702,1310.0,244.0,90.0,24.0,12,25,full_coverage,,
20260942,3,route,random,spatial,12,12,686.8577787125965,8242.293344551159,0.01537829999870155,293,6539.293344551159,1365.0,254.0,60.0,24.0,12,25,full_coverage,0,0
20260942,3,shared,random,spatial,12,12,680.2586465132368,8163.1037581588425,0.020114699997066054,303,6416.1037581588425,1395.0,256.0,72.0,24.0,12,25,full_coverage,12,10
20260943,3,B1,random,spatial,13,13,755.0550136775441,9815.715177808073,0.020135899998422246,309,8026.715177808073,1425.0,266.0,72.0,26.0,13,25,full_coverage,,
20260943,3,route,random,spatial,13,13,719.8213802530905,9357.677943290177,0.023535899999842513,287,7718.677943290175,1285.0,238.0,90.0,26.0,13,25,full_coverage,0,0
20260943,3,shared,random,spatial,13,13,711.5476697806839,9250.119707148891,0.02682989999448182,292,7580.11970714889,1315.0,242.0,87.0,26.0,13,25,full_coverage,11,8
20260944,3,B1,random,spatial,16,16,383.29684141206604,6132.749462593057,0.026206700000329874,118,5525.749462593058,375.0,71.0,129.0,32.0,16,7,count_upper_bound,,
20260944,3,route,random,spatial,16,16,452.51083628867354,7240.173380618777,0.03577909999876283,226,5992.173380618776,920.0,170.0,126.0,32.0,16,18,count_upper_bound,0,0
20260944,3,shared,random,spatial,16,16,280.8389709794008,4493.423535670413,0.042278199995053,132,3797.423535670413,455.0,86.0,123.0,32.0,16,8,count_upper_bound,25,21
20260945,3,B1,random,spatial,11,11,858.3092860444814,9441.402146489296,0.02273080000304617,351,7453.402146489296,1555.0,291.0,120.0,22.0,11,25,full_coverage,,
20260945,3,route,random,spatial,11,11,809.7726203840463,8907.498824224509,0.027471699999296106,296,7229.498824224509,1315.0,242.0,99.0,22.0,11,25,full_coverage,0,0
20260945,3,shared,random,spatial,11,11,785.9538093912627,8645.49190330389,0.02938979999453295,300,6948.49190330389,1330.0,243.0,102.0,22.0,11,25,full_coverage,8,8
20260946,3,B1,random,spatial,10,10,914.7089112509191,9147.089112509191,0.01959980000538053,351,7122.089112509193,1620.0,304.0,81.0,20.0,10,25,full_coverage,,
20260946,3,route,random,spatial,10,10,883.6135878122219,8836.135878122219,0.020012300003145356,321,7007.135878122218,1445.0,268.0,96.0,20.0,10,25,full_coverage,0,0
20260946,3,shared,random,spatial,10,10,859.5924715096177,8595.924715096176,0.019137799994496163,322,6752.924715096177,1470.0,269.0,84.0,20.0,10,25,full_coverage,10,9
20260947,3,B1,random,spatial,14,14,668.609821799446,9360.537505192244,0.02356109999527689,271,7842.537505192244,1160.0,213.0,117.0,28.0,14,25,full_coverage,,
20260947,3,route,random,spatial,14,14,603.7421638573857,8452.390294003399,0.027372199998353608,262,6973.390294003397,1140.0,209.0,102.0,28.0,14,25,full_coverage,0,0
20260947,3,shared,random,spatial,14,14,608.8868098514938,8524.415337920913,0.030408799997530878,280,6941.415337920911,1230.0,223.0,102.0,28.0,14,25,full_coverage,14,11
20260948,3,B1,random,spatial,14,14,707.8505754259686,9909.90805596356,0.022291799999948125,265,8420.90805596356,1145.0,208.0,108.0,28.0,14,25,full_coverage,,
20260948,3,route,random,spatial,14,14,645.6439462579858,9039.015247611802,0.025081800005864352,242,7680.015247611802,1040.0,189.0,102.0,28.0,14,25,full_coverage,0,0
20260948,3,shared,random,spatial,14,14,611.0869447086615,8555.21722592126,0.027213699999265373,251,7152.21722592126,1075.0,192.0,108.0,28.0,14,25,full_coverage,14,10
20260949,3,B1,random,spatial,15,15,695.0328600447936,10425.492900671903,0.034232599995448254,232,9168.492900671901,920.0,163.0,144.0,30.0,15,25,full_coverage,,
20260949,3,route,random,spatial,15,15,565.4295871940195,8481.443807910293,0.03853349999553757,215,7335.443807910293,820.0,143.0,153.0,30.0,15,25,full_coverage,0,0
20260949,3,shared,random,spatial,15,15,524.3610419381569,7865.415629072353,0.04013209999538958,222,6655.415629072353,895.0,156.0,129.0,30.0,15,25,full_coverage,25,19
20260910,4,B1,random,spatial,11,11,1105.0816270062276,12155.897897068502,0.055115099996328354,680,8370.897897068502,2940.0,547.0,276.0,22.0,11,49,full_coverage,,
20260910,4,route,random,spatial,11,11,1114.0991671422657,12255.090838564924,0.05351930000324501,671,8499.090838564924,2935.0,547.0,252.0,22.0,11,49,full_coverage,0,0
20260910,4,shared,random,spatial,11,11,1100.8038200431217,12108.842020474338,0.05506750000495231,674,8339.84202047434,2945.0,547.0,255.0,22.0,11,49,full_coverage,4,4
20260911,4,B1,random,spatial,10,10,1196.1379774502461,11961.379774502462,0.05240369999955874,635,8346.37977450246,2890.0,534.0,171.0,20.0,10,49,full_coverage,,
20260911,4,route,random,spatial,10,10,1247.7052880223077,12477.052880223078,0.05481629999849247,699,8637.052880223076,2945.0,545.0,330.0,20.0,10,49,full_coverage,0,0
20260911,4,shared,random,spatial,10,10,1225.6269717345804,12256.269717345804,0.05701079999562353,635,8638.269717345802,2900.0,533.0,165.0,20.0,10,49,full_coverage,5,3
20260912,4,B1,random,spatial,16,16,698.4734007441677,11175.574411906684,0.11405229999945732,589,8156.574411906692,2075.0,390.0,522.0,32.0,16,32,count_upper_bound,,
20260912,4,route,random,spatial,16,16,662.0127101007364,10592.203361611782,0.13338920000387589,549,7694.203361611792,2075.0,389.0,402.0,32.0,16,33,count_upper_bound,0,0
20260912,4,shared,random,spatial,16,16,638.8690057189939,10221.904091503902,0.13468039999861503,554,7291.904091503909,2110.0,392.0,396.0,32.0,16,33,count_upper_bound,12,8
20260913,4,B1,random,spatial,10,10,1313.1019913619891,13131.019913619892,0.09921770000073593,683,9317.019913619893,2980.0,553.0,261.0,20.0,10,49,full_coverage,,
20260913,4,route,random,spatial,10,10,1231.5683092746235,12315.683092746236,0.0746179999987362,625,8831.683092746234,2720.0,501.0,243.0,20.0,10,49,full_coverage,0,0
20260913,4,shared,random,spatial,10,10,1247.78934167933,12477.893416793298,0.0772919999944861,633,8949.893416793297,2755.0,507.0,246.0,20.0,10,49,full_coverage,9,4
20260914,4,B1,random,spatial,14,14,947.7323163396142,13268.252428754598,0.08427189999929396,452,10832.252428754597,1825.0,322.0,261.0,28.0,14,49,full_coverage,,
20260914,4,route,random,spatial,14,14,957.5629975564785,13405.881965790699,0.13187990000005811,543,10696.881965790697,1825.0,322.0,534.0,28.0,14,49,full_coverage,0,0
20260914,4,shared,random,spatial,14,14,887.8730928834755,12430.223300368656,0.11183909999817843,566,9547.223300368656,2005.0,355.0,495.0,28.0,14,49,full_coverage,16,11
20260915,4,B1,random,spatial,13,13,1004.6336605594881,13060.237587273346,0.09776360000250861,556,10117.237587273346,2155.0,387.0,375.0,26.0,13,49,full_coverage,,
20260915,4,route,random,spatial,13,13,954.775794025759,12412.085322334866,0.10261889999674167,576,9284.085322334866,2360.0,430.0,312.0,26.0,13,49,full_coverage,0,0
20260915,4,shared,random,spatial,13,13,940.2357208731339,12223.064371350742,0.10426949999964563,576,9068.064371350747,2410.0,437.0,282.0,26.0,13,49,full_coverage,9,8
20260916,4,B1,random,spatial,14,14,1008.1043816568882,14113.461343196435,0.10668799999984913,697,10705.461343196437,2220.0,401.0,759.0,28.0,14,49,full_coverage,,
20260916,4,route,random,spatial,14,14,1025.746021133525,14360.444295869347,0.17763940000440925,753,10784.44429586935,2220.0,401.0,927.0,28.0,14,49,full_coverage,0,0
20260916,4,shared,random,spatial,14,14,972.8957483774693,13620.54047728457,0.14465520000521792,714,10138.54047728458,2260.0,408.0,786.0,28.0,14,49,full_coverage,15,10
20260917,4,B1,random,spatial,13,13,994.4817048550514,12928.262163115667,0.11906420000013895,582,9843.26216311567,2260.0,409.0,390.0,26.0,13,49,full_coverage,,
20260917,4,route,random,spatial,13,13,1021.4034317078517,13278.244612202072,0.11454419999790844,679,9649.244612202072,2680.0,494.0,429.0,26.0,13,49,full_coverage,0,0
20260917,4,shared,random,spatial,13,13,993.0409473558254,12909.532315625731,0.09057920000486774,662,9320.53231562573,2705.0,495.0,363.0,26.0,13,49,full_coverage,9,6
20260918,4,B1,random,spatial,15,15,897.3476965629811,13460.215448444716,0.13509769999654964,524,10894.215448444716,1675.0,294.0,567.0,30.0,15,49,full_coverage,,
20260918,4,route,random,spatial,15,15,771.9239752400641,11578.859628600962,0.08575560000463156,441,9211.85962860096,1760.0,310.0,267.0,30.0,15,49,full_coverage,0,0
20260918,4,shared,random,spatial,15,15,728.7562368444876,10931.343552667315,0.06435250000504311,413,8622.343552667315,1805.0,318.0,156.0,30.0,15,49,full_coverage,17,14
20260919,4,B1,random,spatial,11,11,1200.027709636691,13200.304806003602,0.09543240000493824,670,9696.304806003602,2525.0,462.0,495.0,22.0,11,49,full_coverage,,
20260919,4,route,random,spatial,11,11,1169.752891176747,12867.281802944217,0.07499220000318019,642,9463.281802944219,2500.0,456.0,426.0,22.0,11,49,full_coverage,0,0
20260919,4,shared,random,spatial,11,11,1168.4615060616438,12853.076566678083,0.07652409999718657,652,9411.076566678084,2515.0,458.0,447.0,22.0,11,49,full_coverage,7,6
20260920,4,B1,random,spatial,13,13,997.6644178983099,12969.63743267803,0.1468987999978708,649,9417.637432678035,2700.0,499.0,327.0,26.0,13,49,full_coverage,,
20260920,4,route,random,spatial,13,13,1030.9166441995635,13401.916374594324,0.16957369999727234,685,9810.916374594326,2585.0,476.0,504.0,26.0,13,49,full_coverage,0,0
20260920,4,shared,random,spatial,13,13,1004.0218042874042,13052.283455736255,0.14421410000068136,688,9370.283455736262,2725.0,502.0,429.0,26.0,13,49,full_coverage,7,4
20260921,4,B1,random,spatial,10,10,1293.747457669968,12937.47457669968,0.07637529999919934,731,8777.474576699682,3315.0,621.0,204.0,20.0,10,49,full_coverage,,
20260921,4,route,random,spatial,10,10,1277.3082886890218,12773.082886890217,0.055806100004701875,722,8606.082886890217,3375.0,631.0,141.0,20.0,10,49,full_coverage,0,0
20260921,4,shared,random,spatial,10,10,1275.830913369294,12758.30913369294,0.05674930000532186,724,8581.30913369294,3385.0,631.0,141.0,20.0,10,49,full_coverage,3,1
20260922,4,B1,random,spatial,14,14,850.984668168116,11913.785354353624,0.05066100000112783,509,9035.785354353626,2275.0,413.0,162.0,28.0,14,49,full_coverage,,
20260922,4,route,random,spatial,14,14,912.9017494699095,12780.624492578734,0.0976548000035109,596,9637.624492578738,2280.0,415.0,420.0,28.0,14,49,full_coverage,0,0
20260922,4,shared,random,spatial,14,14,903.1622488316673,12644.271483643342,0.09805960000085179,595,9486.271483643344,2310.0,421.0,399.0,28.0,14,49,full_coverage,9,5
20260923,4,B1,random,spatial,10,10,1286.8445965300475,12868.445965300476,0.05101949999516364,689,9052.445965300478,2955.0,547.0,294.0,20.0,10,49,full_coverage,,
20260923,4,route,random,spatial,10,10,1268.168723664937,12681.68723664937,0.07469049999781419,739,8715.687236649372,2955.0,547.0,444.0,20.0,10,49,full_coverage,0,0
20260923,4,shared,random,spatial,10,10,1266.823104450164,12668.231044501641,0.05595609999727458,656,9047.231044501641,2800.0,513.0,288.0,20.0,10,49,full_coverage,12,4
20260924,4,B1,random,spatial,12,12,1031.297053771359,12375.564645256309,0.07267789999605156,614,8890.564645256312,2770.0,511.0,180.0,24.0,12,49,full_coverage,,
20260924,4,route,random,spatial,12,12,1053.3507376901532,12640.208852281838,0.09588399999483954,685,8942.208852281845,2770.0,511.0,393.0,24.0,12,49,full_coverage,0,0
20260924,4,shared,random,spatial,12,12,1067.34675370814,12808.161044497681,0.1052415000012843,732,9021.161044497681,2690.0,491.0,582.0,24.0,12,49,full_coverage,11,9
20260925,4,B1,random,spatial,15,15,822.2280524632431,12333.420786948647,0.09881489999679616,487,9689.420786948653,1995.0,355.0,264.0,30.0,15,49,full_coverage,,
20260925,4,route,random,spatial,15,15,853.3043741600018,12799.565612400027,0.13773940000100993,548,9974.56561240003,1990.0,355.0,450.0,30.0,15,49,full_coverage,0,0
20260925,4,shared,random,spatial,15,15,808.1082602599149,12121.623903898724,0.12366430000110995,554,9195.62390389873,2130.0,382.0,384.0,30.0,15,49,full_coverage,16,12
20260926,4,B1,random,spatial,15,15,869.230802925665,13038.462043884974,0.16486530000111088,521,10382.462043884976,1845.0,325.0,456.0,30.0,15,49,full_coverage,,
20260926,4,route,random,spatial,15,15,832.1483724112106,12482.225586168159,0.15240919999632752,436,10181.225586168157,1675.0,293.0,303.0,30.0,15,49,full_coverage,0,0
20260926,4,shared,random,spatial,15,15,773.9086177234866,11608.6292658523,0.07088470000599045,482,8921.6292658523,2095.0,373.0,189.0,30.0,15,49,full_coverage,16,16
20260927,4,B1,random,spatial,13,13,996.0904855115149,12949.176311649693,0.11854440000024624,604,9749.176311649695,2340.0,426.0,408.0,26.0,13,49,full_coverage,,
20260927,4,route,random,spatial,13,13,997.6811484095809,12969.854929324552,0.11828170000080718,642,9676.854929324558,2305.0,419.0,543.0,26.0,13,49,full_coverage,0,0
20260927,4,shared,random,spatial,13,13,978.2246391990132,12716.92030958717,0.11679919999733102,632,9444.920309587174,2320.0,422.0,504.0,26.0,13,49,full_coverage,9,8
20260928,4,B1,random,spatial,11,11,1102.6636833050625,12129.300516355686,0.055148799998278264,611,8723.300516355688,2655.0,489.0,240.0,22.0,11,49,full_coverage,,
20260928,4,route,random,spatial,11,11,1071.8725327840073,11790.597860624079,0.0616576000029454,581,8474.597860624077,2655.0,489.0,150.0,22.0,11,49,full_coverage,0,0
20260928,4,shared,random,spatial,11,11,1077.8633233266398,11856.496556593038,0.0782009000031394,592,8501.496556593034,2670.0,489.0,174.0,22.0,11,49,full_coverage,5,2
20260929,4,B1,random,spatial,11,11,1253.0998790399642,13784.098669439607,0.10089880000305129,757,9764.098669439612,2950.0,547.0,501.0,22.0,11,49,full_coverage,,
20260929,4,route,random,spatial,11,11,1086.4099484932246,11950.509433425472,0.030312000002595596,612,8393.509433425472,2905.0,537.0,93.0,22.0,11,49,full_coverage,0,0
20260929,4,shared,random,spatial,11,11,1077.841909937118,11856.261009308299,0.03177919999870937,614,8282.261009308299,2925.0,540.0,87.0,22.0,11,49,full_coverage,8,7
20260930,4,B1,random,spatial,14,14,935.5884291450327,13098.238008030457,0.18703520000417484,592,10010.238008030465,2205.0,402.0,453.0,28.0,14,49,full_coverage,,
20260930,4,route,random,spatial,14,14,921.5476031798381,12901.666444517734,0.18807710000692168,602,9783.666444517738,2205.0,402.0,483.0,28.0,14,49,full_coverage,0,0
20260930,4,shared,random,spatial,14,14,899.2707916441908,12589.791083018672,0.16822219999448862,585,9515.791083018676,2220.0,403.0,423.0,28.0,14,49,full_coverage,5,4
20260931,4,B1,random,spatial,12,12,980.3887278921088,11764.664734705306,0.050166799999715295,568,8610.664734705306,2450.0,446.0,234.0,24.0,12,49,full_coverage,,
20260931,4,route,random,spatial,12,12,951.6267663872494,11419.521196646992,0.05114090000279248,535,8464.521196646992,2285.0,412.0,234.0,24.0,12,49,full_coverage,0,0
20260931,4,shared,random,spatial,12,12,922.6303396707317,11071.56407604878,0.07793300000048475,567,7940.564076048781,2420.0,438.0,249.0,24.0,12,49,full_coverage,13,9
20260932,4,B1,random,spatial,13,13,1027.1534568197894,13352.994938657263,0.1186158999989857,596,10198.99493865726,2305.0,418.0,405.0,26.0,13,49,full_coverage,,
20260932,4,route,random,spatial,13,13,988.2421066128536,12847.147385967097,0.10014169999340083,556,9840.147385967097,2260.0,409.0,312.0,26.0,13,49,full_coverage,0,0
20260932,4,shared,random,spatial,13,13,901.1116665475136,11714.451665117676,0.03617919999669539,483,8917.451665117678,2275.0,412.0,84.0,26.0,13,49,full_coverage,9,7
20260933,4,B1,random,spatial,10,10,1355.207558965616,13552.07558965616,0.06702019999647746,714,9537.075589656164,3155.0,591.0,249.0,20.0,10,49,full_coverage,,
20260933,4,route,random,spatial,10,10,1409.312980971993,14093.12980971993,0.14929500000289408,828,9745.129809719932,3140.0,588.0,600.0,20.0,10,49,full_coverage,0,0
20260933,4,shared,random,spatial,10,10,1406.9009153564193,14069.009153564193,0.137888599994767,830,9713.009153564195,3145.0,588.0,603.0,20.0,10,49,full_coverage,2,2
20260934,4,B1,random,spatial,14,14,987.1329861082943,13819.86180551612,0.0819338000001153,690,10302.861805516122,2435.0,445.0,609.0,28.0,14,49,full_coverage,,
20260934,4,route,random,spatial,14,14,935.39295275326,13095.50133854564,0.0999939999965136,538,10292.501338545642,2005.0,359.0,411.0,28.0,14,49,full_coverage,0,0
20260934,4,shared,random,spatial,14,14,861.1243210111517,12055.740494156124,0.05970330000127433,485,9388.740494156124,2045.0,366.0,228.0,28.0,14,49,full_coverage,15,12
20260935,4,B1,random,spatial,10,10,1234.659131643653,12346.59131643653,0.051717100002861116,618,8880.59131643653,2725.0,502.0,219.0,20.0,10,49,full_coverage,,
20260935,4,route,random,spatial,10,10,1164.2289958681777,11642.289958681777,0.02992489999451209,578,8296.289958681777,2725.0,502.0,99.0,20.0,10,49,full_coverage,0,0
20260935,4,shared,random,spatial,10,10,1197.0116388447952,11970.116388447952,0.03279300000576768,584,8572.11638844795,2785.0,512.0,81.0,20.0,10,49,full_coverage,9,7
20260936,4,B1,random,spatial,15,15,999.1078933330201,14986.618399995301,0.1804707999981474,666,11883.6183999953,1860.0,331.0,882.0,30.0,15,49,full_coverage,,
20260936,4,route,random,spatial,15,15,861.7584267083499,12926.37640062525,0.11185370000021067,536,10226.37640062525,1840.0,326.0,504.0,30.0,15,49,full_coverage,0,0
20260936,4,shared,random,spatial,15,15,864.4516995437192,12966.775493155788,0.1208517999984906,576,10132.775493155788,1865.0,330.0,609.0,30.0,15,49,full_coverage,11,10
20260937,4,B1,random,spatial,11,11,1153.5326189450411,12688.858808395453,0.054115699997055344,698,8744.858808395456,3115.0,582.0,225.0,22.0,11,49,full_coverage,,
20260937,4,route,random,spatial,11,11,1216.7997114751788,13384.796826226966,0.07555080000020098,786,9176.796826226968,3115.0,582.0,489.0,22.0,11,49,full_coverage,0,0
20260937,4,shared,random,spatial,11,11,1171.6336961353472,12887.970657488819,0.05563850000180537,733,8828.97065748882,3135.0,584.0,318.0,22.0,11,49,full_coverage,6,3
20260938,4,B1,random,spatial,12,12,1062.0232432850928,12744.278919421115,0.07547809999960009,650,9081.27891942112,2885.0,535.0,219.0,24.0,12,49,full_coverage,,
20260938,4,route,random,spatial,12,12,1046.3626237426913,12556.351484912297,0.05068579999351641,704,8703.351484912302,2930.0,545.0,354.0,24.0,12,49,full_coverage,0,0
20260938,4,shared,random,spatial,12,12,1040.8934817542884,12490.721781051461,0.05171070000506006,703,8634.721781051468,2945.0,545.0,342.0,24.0,12,49,full_coverage,6,6
20260939,4,B1,random,spatial,10,10,1391.5677210650697,13915.677210650696,0.11285569999745348,756,9923.677210650696,2915.0,538.0,519.0,20.0,10,49,full_coverage,,
20260939,4,route,random,spatial,10,10,1235.3413577720912,12353.413577720912,0.06830629999603843,682,8583.413577720912,2915.0,538.0,297.0,20.0,10,49,full_coverage,0,0
20260939,4,shared,random,spatial,10,10,1202.1849405026544,12021.849405026544,0.04653420000249753,638,8357.849405026544,2960.0,546.0,138.0,20.0,10,49,full_coverage,10,8
20260940,4,B1,random,spatial,10,10,1340.4367688204852,13404.367688204851,0.11672800000087591,782,9275.367688204851,3010.0,559.0,540.0,20.0,10,49,full_coverage,,
20260940,4,route,random,spatial,10,10,1219.6858702478316,12196.858702478317,0.0754233000043314,666,8415.858702478317,3010.0,559.0,192.0,20.0,10,49,full_coverage,0,0
20260940,4,shared,random,spatial,10,10,1235.4002407869489,12354.002407869488,0.07170780000160448,693,8412.002407869488,3145.0,585.0,192.0,20.0,10,49,full_coverage,6,4
20260941,4,B1,random,spatial,11,11,1256.0179009622655,13816.19691058492,0.12382229999639094,750,9803.196910584924,2970.0,553.0,468.0,22.0,11,49,full_coverage,,
20260941,4,route,random,spatial,11,11,1196.3190453133875,13159.509498447262,0.14588669999648118,766,9009.509498447267,3120.0,582.0,426.0,22.0,11,49,full_coverage,0,0
20260941,4,shared,random,spatial,11,11,1176.0912981720949,12937.004279893043,0.1280334999974002,769,8774.004279893048,3130.0,582.0,429.0,22.0,11,49,full_coverage,5,3
20260942,4,B1,random,spatial,12,12,996.4662005141844,11957.594406170212,0.05831070000567706,509,9054.594406170212,2325.0,422.0,132.0,24.0,12,49,full_coverage,,
20260942,4,route,random,spatial,12,12,1100.089331557028,13201.071978684335,0.08187870000256225,669,9560.071978684338,2755.0,508.0,354.0,24.0,12,49,full_coverage,0,0
20260942,4,shared,random,spatial,12,12,1070.4727462943586,12845.672955532304,0.09123099999851547,671,9183.672955532305,2785.0,511.0,342.0,24.0,12,49,full_coverage,10,7
20260943,4,B1,random,spatial,13,13,960.0023340904644,12480.030343176037,0.05431890000181738,509,9611.030343176037,2265.0,410.0,168.0,26.0,13,49,full_coverage,,
20260943,4,route,random,spatial,13,13,910.7514053128848,11839.768269067503,0.07844409999961499,485,9184.768269067503,2030.0,362.0,237.0,26.0,13,49,full_coverage,0,0
20260943,4,shared,random,spatial,13,13,897.1509526649788,11662.962384644725,0.0890434999964782,483,9002.962384644728,2050.0,365.0,219.0,26.0,13,49,full_coverage,8,8
20260944,4,B1,random,spatial,16,16,594.3374020435689,9509.398432697102,0.14739829999598442,418,7517.398432697104,1205.0,224.0,531.0,32.0,16,23,count_upper_bound,,
20260944,4,route,random,spatial,16,16,545.6336775543931,8730.13884087029,0.1461494999966817,433,6725.138840870286,1150.0,214.0,609.0,32.0,16,22,count_upper_bound,0,0
20260944,4,shared,random,spatial,16,16,545.8508018659953,8733.612829855925,0.16298989999631885,444,6636.612829855923,1250.0,233.0,582.0,32.0,16,23,count_upper_bound,15,11
20260945,4,B1,random,spatial,11,11,1251.2181465399008,13763.399611938908,0.10312639999756357,704,10115.399611938912,2600.0,474.0,552.0,22.0,11,49,full_coverage,,
20260945,4,route,random,spatial,11,11,1109.3245971792692,12202.57056897196,0.10418110000318848,581,9027.570568971958,2425.0,440.0,288.0,22.0,11,49,full_coverage,0,0
20260945,4,shared,random,spatial,11,11,1081.3835468839331,11895.219015723265,0.08543790000112494,578,8698.219015723264,2480.0,449.0,246.0,22.0,11,49,full_coverage,15,8
20260946,4,B1,random,spatial,10,10,1290.8228950888574,12908.228950888575,0.05335740000009537,697,8998.22895088858,3070.0,571.0,249.0,20.0,10,49,full_coverage,,
20260946,4,route,random,spatial,10,10,1232.8247544886285,12328.247544886286,0.05226050000055693,669,8695.247544886288,2750.0,506.0,357.0,20.0,10,49,full_coverage,0,0
20260946,4,shared,random,spatial,10,10,1212.8534731608859,12128.53473160886,0.05436100000224542,669,8486.53473160886,2770.0,507.0,345.0,20.0,10,49,full_coverage,8,7
20260947,4,B1,random,spatial,14,14,830.2019318288275,11622.827045603584,0.03159520000190241,430,9172.827045603584,1955.0,350.0,117.0,28.0,14,49,full_coverage,,
20260947,4,route,random,spatial,14,14,859.9191136653792,12038.86759131531,0.10173849999409867,465,9496.86759131531,1935.0,345.0,234.0,28.0,14,49,full_coverage,0,0
20260947,4,shared,random,spatial,14,14,862.5084070486822,12075.117698681552,0.10963919999630889,472,9494.117698681552,1970.0,349.0,234.0,28.0,14,49,full_coverage,13,10
20260948,4,B1,random,spatial,14,14,952.5725394564214,13336.0155523899,0.12407679999887478,561,10393.0155523899,2120.0,384.0,411.0,28.0,14,49,full_coverage,,
20260948,4,route,random,spatial,14,14,865.2292826120413,12113.209956568578,0.0769942999977502,472,9525.209956568575,1975.0,354.0,231.0,28.0,14,49,full_coverage,0,0
20260948,4,shared,random,spatial,14,14,863.2589515217026,12085.625321303836,0.08733979999669828,484,9442.625321303833,2010.0,359.0,246.0,28.0,14,49,full_coverage,11,7
20260949,4,B1,random,spatial,15,15,840.6910854031387,12610.36628104708,0.1084571000028518,502,10107.366281047081,1685.0,293.0,495.0,30.0,15,49,full_coverage,,
20260949,4,route,random,spatial,15,15,838.6977499696734,12580.466249545101,0.10880860000179382,522,10083.466249545101,1575.0,271.0,621.0,30.0,15,49,full_coverage,0,0
20260949,4,shared,random,spatial,15,15,826.969786483432,12404.54679725148,0.11765039999590954,523,9875.546797251478,1625.0,280.0,594.0,30.0,15,49,full_coverage,19,17
