group,seed,question,strategy,kind,noise,amplitude_deg,n_sources,n_cleared,clearance_ratio,total_virtual_s,average_per_source_s,runtime_s,measure_count,clear_attempts,failed_clear_attempts,move,switch,measure,optical,laser,cleared_count,visited_survey_points,termination
main,20260910,3,sweep,random,spatial,1,11,11,1.0,11404.700025111622,1036.790911373784,0.29169240000192076,317,502,491,7998.700025111621,293.0,1585.0,1506.0,22.0,11,25,full_coverage
main,20260910,3,triangulate,random,spatial,1,11,11,1.0,9294.636882980309,844.9669893618462,0.021145500002603512,327,25,14,7255.636882980308,307.0,1635.0,75.0,22.0,11,25,full_coverage
main,20260911,3,sweep,random,spatial,1,10,10,1.0,11313.198718728403,1131.3198718728404,0.27421969999704743,333,516,506,7770.198718728401,310.0,1665.0,1548.0,20.0,10,25,full_coverage
main,20260911,3,triangulate,random,spatial,1,10,10,1.0,9131.87917206976,913.1879172069761,0.021375199998146854,341,26,16,7006.87917206976,322.0,1705.0,78.0,20.0,10,25,full_coverage
main,20260912,3,sweep,random,spatial,1,16,16,1.0,9986.136973119677,624.1335608199798,0.3879400999940117,132,767,751,6871.136973119682,122.0,660.0,2301.0,32.0,16,13,count_upper_bound
main,20260912,3,triangulate,random,spatial,1,16,16,1.0,6473.376719710328,404.5860449818955,0.027402200001233723,148,41,25,5439.376719710328,139.0,740.0,123.0,32.0,16,13,count_upper_bound
main,20260913,3,sweep,random,spatial,1,10,10,1.0,10806.69255451124,1080.6692554511242,0.2430915000004461,291,452,442,7709.692554511243,266.0,1455.0,1356.0,20.0,10,25,full_coverage
main,20260913,3,triangulate,random,spatial,1,10,10,1.0,9031.440773300688,903.1440773300689,0.0198277000017697,294,32,22,7170.4407733006865,275.0,1470.0,96.0,20.0,10,25,full_coverage
main,20260914,3,sweep,random,spatial,1,14,14,1.0,11533.27902271369,823.8056444795493,0.34279789999709465,224,591,577,8412.279022713688,200.0,1120.0,1773.0,28.0,14,25,full_coverage
main,20260914,3,triangulate,random,spatial,1,14,14,1.0,9172.425716278402,655.1732654484573,0.02221089999511605,238,25,11,7659.4257162784,220.0,1190.0,75.0,28.0,14,25,full_coverage
main,20260915,3,sweep,random,spatial,1,13,13,1.0,13148.054823919938,1011.388832609226,0.36766119999811053,211,675,662,9855.054823919942,187.0,1055.0,2025.0,26.0,13,25,full_coverage
main,20260915,3,triangulate,random,spatial,1,13,13,1.0,10682.259461611342,821.7122662777955,0.043157200001587626,224,46,33,9194.259461611342,204.0,1120.0,138.0,26.0,13,25,full_coverage
main,20260916,3,sweep,random,spatial,1,14,14,1.0,13311.189654119038,950.7992610085028,0.4562577999968198,223,811,797,9536.189654119036,199.0,1115.0,2433.0,28.0,14,25,full_coverage
main,20260916,3,triangulate,random,spatial,1,14,14,1.0,9338.340661128701,667.0243329377644,0.037711400000262074,237,42,28,7780.3406611287,219.0,1185.0,126.0,28.0,14,25,full_coverage
main,20260917,3,sweep,random,spatial,1,13,13,1.0,13465.920721175607,1035.8400554750467,0.41669009999895934,214,803,790,9770.920721175607,190.0,1070.0,2409.0,26.0,13,25,full_coverage
main,20260917,3,triangulate,random,spatial,1,13,13,1.0,9906.499181361549,762.038398566273,0.053618700003426056,240,59,46,8283.499181361549,220.0,1200.0,177.0,26.0,13,25,full_coverage
main,20260918,3,sweep,random,spatial,1,15,15,1.0,12536.785876104434,835.7857250736289,0.5290054000070086,177,758,743,9194.785876104434,153.0,885.0,2274.0,30.0,15,25,full_coverage
main,20260918,3,triangulate,random,spatial,1,15,15,1.0,8822.933899937176,588.195593329145,0.016983200002869125,181,25,10,7651.933899937176,161.0,905.0,75.0,30.0,15,25,full_coverage
main,20260919,3,sweep,random,spatial,1,11,11,1.0,11826.623970293902,1075.147633663082,0.3339596999940113,265,599,588,8442.6239702939,240.0,1325.0,1797.0,22.0,11,25,full_coverage
main,20260919,3,triangulate,random,spatial,1,11,11,1.0,8954.234674786636,814.0213340715123,0.03293829999893205,276,33,22,7197.234674786636,256.0,1380.0,99.0,22.0,11,25,full_coverage
main,20260920,3,sweep,random,spatial,1,13,13,1.0,11709.08903475809,900.6991565198531,0.46075289999862434,235,577,564,8567.089034758093,210.0,1175.0,1731.0,26.0,13,25,full_coverage
main,20260920,3,triangulate,random,spatial,1,13,13,1.0,9522.73114429776,732.517780330597,0.02147269999841228,248,30,17,7938.731144297762,228.0,1240.0,90.0,26.0,13,25,full_coverage
main,20260921,3,sweep,random,spatial,1,10,10,1.0,11644.938980539078,1164.4938980539077,0.33901789999799803,285,515,505,8393.938980539078,261.0,1425.0,1545.0,20.0,10,25,full_coverage
main,20260921,3,triangulate,random,spatial,1,10,10,1.0,9468.467269230276,946.8467269230275,0.030253900004026946,295,28,18,7615.4672692302765,274.0,1475.0,84.0,20.0,10,25,full_coverage
main,20260922,3,sweep,random,spatial,1,14,14,1.0,14270.04458777811,1019.2888991270078,0.4494306999986293,240,842,828,10301.044587778108,215.0,1200.0,2526.0,28.0,14,25,full_coverage
main,20260922,3,triangulate,random,spatial,1,14,14,1.0,9538.173893794281,681.2981352710201,0.05425850000028731,254,48,34,7861.173893794281,235.0,1270.0,144.0,28.0,14,25,full_coverage
main,20260923,3,sweep,random,spatial,1,10,10,1.0,10821.032349327244,1082.1032349327245,0.30611940000380855,300,440,430,7706.032349327246,275.0,1500.0,1320.0,20.0,10,25,full_coverage
main,20260923,3,triangulate,random,spatial,1,10,10,1.0,9079.610923122105,907.9610923122106,0.03240940000250703,310,28,18,7135.6109231221035,290.0,1550.0,84.0,20.0,10,25,full_coverage
main,20260924,3,sweep,random,spatial,1,12,12,1.0,12201.932255698535,1016.8276879748779,0.34136920000310056,237,622,610,8914.932255698535,212.0,1185.0,1866.0,24.0,12,25,full_coverage
main,20260924,3,triangulate,random,spatial,1,12,12,1.0,9533.706088956365,794.4755074130304,0.03982740000355989,249,40,28,7915.706088956365,229.0,1245.0,120.0,24.0,12,25,full_coverage
main,20260925,3,sweep,random,spatial,1,15,15,1.0,14745.613270263982,983.0408846842655,0.48691920000419486,192,921,906,10823.613270263986,169.0,960.0,2763.0,30.0,15,25,full_coverage
main,20260925,3,triangulate,random,spatial,1,15,15,1.0,10158.348064510988,677.2232043007326,0.03218419999757316,207,47,32,8766.348064510988,186.0,1035.0,141.0,30.0,15,25,full_coverage
main,20260926,3,sweep,random,spatial,1,15,15,1.0,14377.153547844602,958.4769031896401,0.5348490000033053,197,903,888,10481.153547844606,172.0,985.0,2709.0,30.0,15,25,full_coverage
main,20260926,3,triangulate,random,spatial,1,15,15,1.0,9848.58704220092,656.5724694800613,0.05177699999330798,202,44,29,8493.587042200917,183.0,1010.0,132.0,30.0,15,25,full_coverage
main,20260927,3,sweep,random,spatial,1,13,13,1.0,12090.82314214672,930.0633186266708,0.4691571000003023,230,620,607,8849.823142146724,205.0,1150.0,1860.0,26.0,13,25,full_coverage
main,20260927,3,triangulate,random,spatial,1,13,13,1.0,9211.131845861984,708.548603527845,0.036992599998484366,223,28,15,7783.131845861984,203.0,1115.0,84.0,26.0,13,25,full_coverage
main,20260928,3,sweep,random,spatial,1,11,11,1.0,11339.139527259385,1030.8308661144895,0.411129100000835,260,580,569,8041.139527259385,236.0,1300.0,1740.0,22.0,11,25,full_coverage
main,20260928,3,triangulate,random,spatial,1,11,11,1.0,8939.558119637215,812.6871017852013,0.032854800003406126,271,34,23,7209.558119637213,251.0,1355.0,102.0,22.0,11,25,full_coverage
main,20260929,3,sweep,random,spatial,1,11,11,1.0,10400.983995185188,945.5439995622899,0.3463229999979376,277,341,330,7717.983995185188,253.0,1385.0,1023.0,22.0,11,25,full_coverage
main,20260929,3,triangulate,random,spatial,1,11,11,1.0,9322.444211344764,847.4949283040695,0.015431500003614929,288,18,7,7539.444211344764,267.0,1440.0,54.0,22.0,11,25,full_coverage
main,20260930,3,sweep,random,spatial,1,14,14,1.0,10868.144438325571,776.2960313089694,0.4620282999967458,229,485,471,8035.144438325573,205.0,1145.0,1455.0,28.0,14,25,full_coverage
main,20260930,3,triangulate,random,spatial,1,14,14,1.0,9175.956426120996,655.4254590086426,0.018933200000901707,243,20,6,7648.956426120996,224.0,1215.0,60.0,28.0,14,25,full_coverage
main,20260931,3,sweep,random,spatial,1,12,12,1.0,10963.206932224526,913.6005776853772,0.421225999998569,244,596,584,7711.206932224525,220.0,1220.0,1788.0,24.0,12,25,full_coverage
main,20260931,3,triangulate,random,spatial,1,12,12,1.0,8836.151843954009,736.3459869961674,0.025875200000882614,296,27,15,6975.1518439540105,276.0,1480.0,81.0,24.0,12,25,full_coverage
main,20260932,3,sweep,random,spatial,1,13,13,1.0,13342.254842120667,1026.3272955477437,0.42756469999585534,255,681,668,9767.254842120667,231.0,1275.0,2043.0,26.0,13,25,full_coverage
main,20260932,3,triangulate,random,spatial,1,13,13,1.0,10194.74423611155,784.2110950855039,0.02596810000250116,268,50,37,8430.74423611155,248.0,1340.0,150.0,26.0,13,25,full_coverage
main,20260933,3,sweep,random,spatial,1,10,10,1.0,12410.59607986299,1241.059607986299,0.2506493999972008,277,537,527,9142.59607986299,252.0,1385.0,1611.0,20.0,10,25,full_coverage
main,20260933,3,triangulate,random,spatial,1,10,10,1.0,10083.029933847909,1008.3029933847909,0.022465200003352948,287,41,31,8240.029933847909,265.0,1435.0,123.0,20.0,10,25,full_coverage
main,20260934,3,sweep,random,spatial,1,14,14,1.0,13449.480964895225,960.6772117782303,0.41352310000365833,206,727,713,10027.480964895225,183.0,1030.0,2181.0,28.0,14,25,full_coverage
main,20260934,3,triangulate,random,spatial,1,14,14,1.0,10152.718466039536,725.1941761456811,0.042039799998747185,220,60,46,8643.718466039536,201.0,1100.0,180.0,28.0,14,25,full_coverage
main,20260935,3,sweep,random,spatial,1,10,10,1.0,12234.644927136254,1223.4644927136255,0.347256599998218,310,554,544,8717.644927136254,285.0,1550.0,1662.0,20.0,10,25,full_coverage
main,20260935,3,triangulate,random,spatial,1,10,10,1.0,9812.797891515482,981.2797891515481,0.03486390000034589,320,22,12,7826.797891515479,300.0,1600.0,66.0,20.0,10,25,full_coverage
main,20260936,3,sweep,random,spatial,1,15,15,1.0,13874.186843197656,924.9457895465105,0.49522330000036163,175,829,814,10329.186843197658,153.0,875.0,2487.0,30.0,15,25,full_coverage
main,20260936,3,triangulate,random,spatial,1,15,15,1.0,9500.278411315776,633.3518940877184,0.039436599996406585,190,32,17,8255.278411315774,169.0,950.0,96.0,30.0,15,25,full_coverage
main,20260937,3,sweep,random,spatial,1,11,11,1.0,12935.994816615475,1175.999528783225,0.3802032999956282,256,720,709,9242.994816615475,231.0,1280.0,2160.0,22.0,11,25,full_coverage
main,20260937,3,triangulate,random,spatial,1,11,11,1.0,8782.277724851154,798.3888840773776,0.031536999995296355,267,39,28,7062.277724851153,246.0,1335.0,117.0,22.0,11,25,full_coverage
main,20260938,3,sweep,random,spatial,1,12,12,1.0,10272.324295543664,856.0270246286386,0.4625391000008676,254,364,352,7657.3242955436635,229.0,1270.0,1092.0,24.0,12,25,full_coverage
main,20260938,3,triangulate,random,spatial,1,12,12,1.0,9753.658776901124,812.8048980750937,0.012120800005504861,266,16,4,8104.658776901126,247.0,1330.0,48.0,24.0,12,25,full_coverage
main,20260939,3,sweep,random,spatial,1,10,10,1.0,10191.723941461372,1019.1723941461372,0.3304248999993433,292,356,346,7376.7239414613705,267.0,1460.0,1068.0,20.0,10,25,full_coverage
main,20260939,3,triangulate,random,spatial,1,10,10,1.0,8936.5267927251,893.6526792725101,0.020719299995107576,302,21,11,7061.5267927251025,282.0,1510.0,63.0,20.0,10,25,full_coverage
main,20260940,3,sweep,random,spatial,1,10,10,1.0,9646.145097251829,964.6145097251829,0.4033216000025277,293,395,385,6708.145097251829,268.0,1465.0,1185.0,20.0,10,25,full_coverage
main,20260940,3,triangulate,random,spatial,1,10,10,1.0,8685.82217516402,868.5822175164019,0.025802600001043174,303,24,14,6795.822175164018,283.0,1515.0,72.0,20.0,10,25,full_coverage
main,20260941,3,sweep,random,spatial,1,11,11,1.0,12245.788513226944,1113.2535012024493,0.36005190000287257,305,629,618,8529.788513226944,282.0,1525.0,1887.0,22.0,11,25,full_coverage
main,20260941,3,triangulate,random,spatial,1,11,11,1.0,9209.122423940005,837.1929476309095,0.03906329999881564,316,45,34,7176.122423940005,296.0,1580.0,135.0,22.0,11,25,full_coverage
main,20260942,3,sweep,random,spatial,1,12,12,1.0,10410.935738667476,867.5779782222897,0.38457519999792567,250,485,473,7455.9357386674765,226.0,1250.0,1455.0,24.0,12,25,full_coverage
main,20260942,3,triangulate,random,spatial,1,12,12,1.0,8771.7580736537,730.9798394711416,0.017272299999604,262,30,18,7103.758073653702,244.0,1310.0,90.0,24.0,12,25,full_coverage
main,20260943,3,sweep,random,spatial,1,13,13,1.0,11789.847536604775,906.9113489695981,0.40497809999942547,272,571,558,8441.847536604771,249.0,1360.0,1713.0,26.0,13,25,full_coverage
main,20260943,3,triangulate,random,spatial,1,13,13,1.0,9815.715177808073,755.0550136775441,0.024230600000009872,285,24,11,8026.715177808073,266.0,1425.0,72.0,26.0,13,25,full_coverage
main,20260944,3,sweep,random,spatial,1,16,16,1.0,10061.010099505027,628.8131312190642,0.45945409999694675,59,869,853,7075.010099505027,52.0,295.0,2607.0,32.0,16,7,count_upper_bound
main,20260944,3,triangulate,random,spatial,1,16,16,1.0,6132.749462593057,383.29684141206604,0.03494239999417914,75,43,27,5525.749462593058,71.0,375.0,129.0,32.0,16,7,count_upper_bound
main,20260945,3,sweep,random,spatial,1,11,11,1.0,11820.860579407243,1074.6236890370221,0.28415039999526925,300,595,584,8236.86057940724,277.0,1500.0,1785.0,22.0,11,25,full_coverage
main,20260945,3,triangulate,random,spatial,1,11,11,1.0,9441.402146489296,858.3092860444814,0.02504890000273008,311,40,29,7453.402146489296,291.0,1555.0,120.0,22.0,11,25,full_coverage
main,20260946,3,sweep,random,spatial,1,10,10,1.0,10495.869501268538,1049.586950126854,0.29805149999447167,314,418,408,7361.869501268541,290.0,1570.0,1254.0,20.0,10,25,full_coverage
main,20260946,3,triangulate,random,spatial,1,10,10,1.0,9147.089112509191,914.7089112509191,0.03877989999455167,324,27,17,7122.089112509193,304.0,1620.0,81.0,20.0,10,25,full_coverage
main,20260947,3,sweep,random,spatial,1,14,14,1.0,12052.136947024075,860.866924787434,0.503496899997117,218,641,627,8817.136947024075,194.0,1090.0,1923.0,28.0,14,25,full_coverage
main,20260947,3,triangulate,random,spatial,1,14,14,1.0,9360.537505192244,668.609821799446,0.032637399999657646,232,39,25,7842.537505192244,213.0,1160.0,117.0,28.0,14,25,full_coverage
main,20260948,3,sweep,random,spatial,1,14,14,1.0,12376.619861182222,884.0442757987302,0.44677869999577524,215,641,627,9160.619861182222,190.0,1075.0,1923.0,28.0,14,25,full_coverage
main,20260948,3,triangulate,random,spatial,1,14,14,1.0,9909.90805596356,707.8505754259686,0.039963600000191946,229,36,22,8420.90805596356,208.0,1145.0,108.0,28.0,14,25,full_coverage
main,20260949,3,sweep,random,spatial,1,15,15,1.0,15051.890831919109,1003.4593887946072,0.48903200000495417,169,935,920,11227.890831919109,144.0,845.0,2805.0,30.0,15,25,full_coverage
main,20260949,3,triangulate,random,spatial,1,15,15,1.0,10425.492900671903,695.0328600447936,0.036039200000232086,184,48,33,9168.492900671901,163.0,920.0,144.0,30.0,15,25,full_coverage
main,20260910,4,sweep,random,spatial,1,11,11,1.0,14428.717182244432,1311.7015620222212,0.3128791000053752,577,633,622,9093.717182244436,529.0,2885.0,1899.0,22.0,11,49,full_coverage
main,20260910,4,triangulate,random,spatial,1,11,11,1.0,12155.897897068502,1105.0816270062276,0.0790731999950367,588,92,81,8370.897897068502,547.0,2940.0,276.0,22.0,11,49,full_coverage
main,20260911,4,sweep,random,spatial,1,10,10,1.0,14695.136016765859,1469.513601676586,0.3492693000007421,568,571,561,9602.13601676586,520.0,2840.0,1713.0,20.0,10,49,full_coverage
main,20260911,4,triangulate,random,spatial,1,10,10,1.0,11961.379774502462,1196.1379774502461,0.08452899999974761,578,57,47,8346.37977450246,534.0,2890.0,171.0,20.0,10,49,full_coverage
main,20260912,4,sweep,random,spatial,1,16,16,1.0,13398.541444521827,837.4088402826142,0.5586127000060515,399,841,825,8480.541444521832,368.0,1995.0,2523.0,32.0,16,32,count_upper_bound
main,20260912,4,triangulate,random,spatial,1,16,16,1.0,11175.574411906684,698.4734007441677,0.12617680000403197,415,174,158,8156.574411906692,390.0,2075.0,522.0,32.0,16,32,count_upper_bound
main,20260913,4,sweep,random,spatial,1,10,10,1.0,14557.907466062295,1455.7907466062295,0.384256400000595,586,550,540,9419.907466062295,538.0,2930.0,1650.0,20.0,10,49,full_coverage
main,20260913,4,triangulate,random,spatial,1,10,10,1.0,13131.019913619892,1313.1019913619891,0.11258210000232793,596,87,77,9317.019913619893,553.0,2980.0,261.0,20.0,10,49,full_coverage
main,20260914,4,sweep,random,spatial,1,14,14,1.0,16622.57663807767,1187.3269027198335,0.45707799999945564,351,881,867,11894.576638077671,302.0,1755.0,2643.0,28.0,14,49,full_coverage
main,20260914,4,triangulate,random,spatial,1,14,14,1.0,13268.252428754598,947.7323163396142,0.14373949999571778,365,87,73,10832.252428754597,322.0,1825.0,261.0,28.0,14,49,full_coverage
main,20260915,4,sweep,random,spatial,1,13,13,1.0,14634.932762725635,1125.7640586712027,0.39914670000143815,418,633,620,10248.932762725639,371.0,2090.0,1899.0,26.0,13,49,full_coverage
main,20260915,4,triangulate,random,spatial,1,13,13,1.0,13060.237587273346,1004.6336605594881,0.1616063999972539,431,125,112,10117.237587273346,387.0,2155.0,375.0,26.0,13,49,full_coverage
main,20260916,4,sweep,random,spatial,1,14,14,1.0,15438.894992106156,1102.7782137218683,0.4856024000036996,430,723,709,10708.894992106161,383.0,2150.0,2169.0,28.0,14,49,full_coverage
main,20260916,4,triangulate,random,spatial,1,14,14,1.0,14113.461343196435,1008.1043816568882,0.15685149999626447,444,253,239,10705.461343196437,401.0,2220.0,759.0,28.0,14,49,full_coverage
main,20260917,4,sweep,random,spatial,1,13,13,1.0,14361.988430768084,1104.7683408283142,0.4569995999991079,421,630,617,9968.988430768084,372.0,2105.0,1890.0,26.0,13,49,full_coverage
main,20260917,4,triangulate,random,spatial,1,13,13,1.0,12928.262163115667,994.4817048550514,0.1603021999981138,452,130,117,9843.26216311567,409.0,2260.0,390.0,26.0,13,49,full_coverage
main,20260918,4,sweep,random,spatial,1,15,15,1.0,16275.876671424721,1085.0584447616482,0.5260781000033603,320,892,877,11696.876671424721,273.0,1600.0,2676.0,30.0,15,49,full_coverage
main,20260918,4,triangulate,random,spatial,1,15,15,1.0,13460.215448444716,897.3476965629811,0.17236720000073547,335,189,174,10894.215448444716,294.0,1675.0,567.0,30.0,15,49,full_coverage
main,20260919,4,sweep,random,spatial,1,11,11,1.0,14775.732909989874,1343.2484463627159,0.410472600000503,494,643,632,9909.732909989874,445.0,2470.0,1929.0,22.0,11,49,full_coverage
main,20260919,4,triangulate,random,spatial,1,11,11,1.0,13200.304806003602,1200.027709636691,0.11651010000059614,505,165,154,9696.304806003602,462.0,2525.0,495.0,22.0,11,49,full_coverage
main,20260920,4,sweep,random,spatial,1,13,13,1.0,13358.242566744237,1027.5571205187875,0.3713099000015063,527,491,478,8745.242566744239,479.0,2635.0,1473.0,26.0,13,49,full_coverage
main,20260920,4,triangulate,random,spatial,1,13,13,1.0,12969.63743267803,997.6644178983099,0.2237200000017765,540,109,96,9417.637432678035,499.0,2700.0,327.0,26.0,13,49,full_coverage
main,20260921,4,sweep,random,spatial,1,10,10,1.0,14503.925280238753,1450.3925280238752,0.3322193000058178,665,547,537,8900.925280238753,617.0,3325.0,1641.0,20.0,10,49,full_coverage
main,20260921,4,triangulate,random,spatial,1,10,10,1.0,12937.47457669968,1293.747457669968,0.12292109999543754,663,68,58,8777.474576699682,621.0,3315.0,204.0,20.0,10,49,full_coverage
main,20260922,4,sweep,random,spatial,1,14,14,1.0,14677.631471763796,1048.4022479831283,0.4971587999971234,441,643,629,10122.631471763803,393.0,2205.0,1929.0,28.0,14,49,full_coverage
main,20260922,4,triangulate,random,spatial,1,14,14,1.0,11913.785354353624,850.984668168116,0.06893110000237357,455,54,40,9035.785354353626,413.0,2275.0,162.0,28.0,14,49,full_coverage
main,20260923,4,sweep,random,spatial,1,10,10,1.0,15394.063600333751,1539.4063600333752,0.32985769999504555,581,659,649,9960.063600333751,532.0,2905.0,1977.0,20.0,10,49,full_coverage
main,20260923,4,triangulate,random,spatial,1,10,10,1.0,12868.445965300476,1286.8445965300475,0.06052629999612691,591,98,88,9052.445965300478,547.0,2955.0,294.0,20.0,10,49,full_coverage
main,20260924,4,sweep,random,spatial,1,12,12,1.0,14946.229111963023,1245.5190926635853,0.3138041999991401,542,645,633,9784.229111963026,493.0,2710.0,1935.0,24.0,12,49,full_coverage
main,20260924,4,triangulate,random,spatial,1,12,12,1.0,12375.564645256309,1031.297053771359,0.07665070000075502,554,60,48,8890.564645256312,511.0,2770.0,180.0,24.0,12,49,full_coverage
main,20260925,4,sweep,random,spatial,1,15,15,1.0,13867.562443803079,924.5041629202053,0.37897420000081183,384,570,555,9869.56244380308,338.0,1920.0,1710.0,30.0,15,49,full_coverage
main,20260925,4,triangulate,random,spatial,1,15,15,1.0,12333.420786948647,822.2280524632431,0.09839530000317609,399,88,73,9689.420786948653,355.0,1995.0,264.0,30.0,15,49,full_coverage
main,20260926,4,sweep,random,spatial,1,15,15,1.0,14483.598863251405,965.5732575500937,0.39178240000182996,354,705,690,10262.598863251405,306.0,1770.0,2115.0,30.0,15,49,full_coverage
main,20260926,4,triangulate,random,spatial,1,15,15,1.0,13038.462043884974,869.230802925665,0.1549243999979808,369,152,137,10382.462043884976,325.0,1845.0,456.0,30.0,15,49,full_coverage
main,20260927,4,sweep,random,spatial,1,13,13,1.0,15562.341266195715,1197.1031743227472,0.3357303000011598,446,680,667,10868.341266195714,398.0,2230.0,2040.0,26.0,13,49,full_coverage
main,20260927,4,triangulate,random,spatial,1,13,13,1.0,12949.176311649693,996.0904855115149,0.10353740000573453,468,136,123,9749.176311649695,426.0,2340.0,408.0,26.0,13,49,full_coverage
main,20260928,4,sweep,random,spatial,1,11,11,1.0,13874.797313237452,1261.3452102943138,0.3019843000001856,520,570,559,9070.797313237454,472.0,2600.0,1710.0,22.0,11,49,full_coverage
main,20260928,4,triangulate,random,spatial,1,11,11,1.0,12129.300516355686,1102.6636833050625,0.05104559999745106,531,80,69,8723.300516355688,489.0,2655.0,240.0,22.0,11,49,full_coverage
main,20260929,4,sweep,random,spatial,1,11,11,1.0,14547.920222459705,1322.5382020417912,0.283641499998339,579,550,539,9449.920222459707,531.0,2895.0,1650.0,22.0,11,49,full_coverage
main,20260929,4,triangulate,random,spatial,1,11,11,1.0,13784.098669439607,1253.0998790399642,0.10238599999865983,590,167,156,9764.098669439612,547.0,2950.0,501.0,22.0,11,49,full_coverage
main,20260930,4,sweep,random,spatial,1,14,14,1.0,12916.887907390677,922.6348505279055,0.36317979999876115,427,533,519,8774.887907390681,380.0,2135.0,1599.0,28.0,14,49,full_coverage
main,20260930,4,triangulate,random,spatial,1,14,14,1.0,13098.238008030457,935.5884291450327,0.22351650000200607,441,151,137,10010.238008030465,402.0,2205.0,453.0,28.0,14,49,full_coverage
main,20260931,4,sweep,random,spatial,1,12,12,1.0,15338.892702594892,1278.2410585495743,0.3263982999997097,478,747,735,10253.892702594894,430.0,2390.0,2241.0,24.0,12,49,full_coverage
main,20260931,4,triangulate,random,spatial,1,12,12,1.0,11764.664734705306,980.3887278921088,0.053563900000881404,490,78,66,8610.664734705306,446.0,2450.0,234.0,24.0,12,49,full_coverage
main,20260932,4,sweep,random,spatial,1,13,13,1.0,14448.495066353049,1111.422697411773,0.3380981000009342,448,565,552,10088.495066353049,399.0,2240.0,1695.0,26.0,13,49,full_coverage
main,20260932,4,triangulate,random,spatial,1,13,13,1.0,13352.994938657263,1027.1534568197894,0.1506091999981436,461,135,122,10198.99493865726,418.0,2305.0,405.0,26.0,13,49,full_coverage
main,20260933,4,sweep,random,spatial,1,10,10,1.0,13294.6136069681,1329.46136069681,0.2742660000003525,618,393,383,8436.6136069681,569.0,3090.0,1179.0,20.0,10,49,full_coverage
main,20260933,4,triangulate,random,spatial,1,10,10,1.0,13552.07558965616,1355.207558965616,0.07032410000101663,631,83,73,9537.075589656164,591.0,3155.0,249.0,20.0,10,49,full_coverage
main,20260934,4,sweep,random,spatial,1,14,14,1.0,15905.94724834311,1136.139089167365,0.3654843000040273,473,756,742,10819.947248343113,425.0,2365.0,2268.0,28.0,14,49,full_coverage
main,20260934,4,triangulate,random,spatial,1,14,14,1.0,13819.86180551612,987.1329861082943,0.08605230000102893,487,203,189,10302.861805516122,445.0,2435.0,609.0,28.0,14,49,full_coverage
main,20260935,4,sweep,random,spatial,1,10,10,1.0,15179.466563176666,1517.9466563176666,0.267283100001805,535,674,664,9976.466563176667,486.0,2675.0,2022.0,20.0,10,49,full_coverage
main,20260935,4,triangulate,random,spatial,1,10,10,1.0,12346.59131643653,1234.659131643653,0.0542113999981666,545,73,63,8880.59131643653,502.0,2725.0,219.0,20.0,10,49,full_coverage
main,20260936,4,sweep,random,spatial,1,15,15,1.0,15466.52727431724,1031.101818287816,0.38974009999947157,357,770,755,11031.527274317243,310.0,1785.0,2310.0,30.0,15,49,full_coverage
main,20260936,4,triangulate,random,spatial,1,15,15,1.0,14986.618399995301,999.1078933330201,0.18943639999633888,372,294,279,11883.6183999953,331.0,1860.0,882.0,30.0,15,49,full_coverage
main,20260937,4,sweep,random,spatial,1,11,11,1.0,14699.93036165139,1336.3573056046719,0.33911929999885615,612,603,592,9245.930361651392,563.0,3060.0,1809.0,22.0,11,49,full_coverage
main,20260937,4,triangulate,random,spatial,1,11,11,1.0,12688.858808395453,1153.5326189450411,0.06582659999548923,623,75,64,8744.858808395456,582.0,3115.0,225.0,22.0,11,49,full_coverage
main,20260938,4,sweep,random,spatial,1,12,12,1.0,14753.255059759795,1229.4379216466496,0.3125727999940864,565,613,601,9548.255059759796,517.0,2825.0,1839.0,24.0,12,49,full_coverage
main,20260938,4,triangulate,random,spatial,1,12,12,1.0,12744.278919421115,1062.0232432850928,0.0784949000008055,577,73,61,9081.27891942112,535.0,2885.0,219.0,24.0,12,49,full_coverage
main,20260939,4,sweep,random,spatial,1,10,10,1.0,13581.548675651009,1358.1548675651009,0.2674371999964933,573,395,385,8987.548675651007,524.0,2865.0,1185.0,20.0,10,49,full_coverage
main,20260939,4,triangulate,random,spatial,1,10,10,1.0,13915.677210650696,1391.5677210650697,0.12051339999743504,583,173,163,9923.677210650696,538.0,2915.0,519.0,20.0,10,49,full_coverage
main,20260940,4,sweep,random,spatial,1,10,10,1.0,15561.623731128735,1556.1623731128734,0.2651994000043487,592,665,655,10042.623731128739,544.0,2960.0,1995.0,20.0,10,49,full_coverage
main,20260940,4,triangulate,random,spatial,1,10,10,1.0,13404.367688204851,1340.4367688204852,0.12337549999938346,602,180,170,9275.367688204851,559.0,3010.0,540.0,20.0,10,49,full_coverage
main,20260941,4,sweep,random,spatial,1,11,11,1.0,14950.50581178156,1359.1368919801419,0.2905922000063583,583,639,628,9561.505811781564,535.0,2915.0,1917.0,22.0,11,49,full_coverage
main,20260941,4,triangulate,random,spatial,1,11,11,1.0,13816.19691058492,1256.0179009622655,0.1347810000006575,594,156,145,9803.196910584924,553.0,2970.0,468.0,22.0,11,49,full_coverage
main,20260942,4,sweep,random,spatial,1,12,12,1.0,15405.464990975766,1283.7887492479806,0.3264450000060606,453,762,750,10426.464990975768,404.0,2265.0,2286.0,24.0,12,49,full_coverage
main,20260942,4,triangulate,random,spatial,1,12,12,1.0,11957.594406170212,996.4662005141844,0.06490230000053998,465,44,32,9054.594406170212,422.0,2325.0,132.0,24.0,12,49,full_coverage
main,20260943,4,sweep,random,spatial,1,13,13,1.0,14444.66835108896,1111.1283346991509,0.34475759999622824,440,581,568,10082.66835108896,393.0,2200.0,1743.0,26.0,13,49,full_coverage
main,20260943,4,triangulate,random,spatial,1,13,13,1.0,12480.030343176037,960.0023340904644,0.06491049999749521,453,56,43,9611.030343176037,410.0,2265.0,168.0,26.0,13,49,full_coverage
main,20260944,4,sweep,random,spatial,1,16,16,1.0,9680.948326565418,605.0592704103386,0.4134055999966222,225,616,600,6472.948326565422,203.0,1125.0,1848.0,32.0,16,23,count_upper_bound
main,20260944,4,triangulate,random,spatial,1,16,16,1.0,9509.398432697102,594.3374020435689,0.14881400000012945,241,177,161,7517.398432697104,224.0,1205.0,531.0,32.0,16,23,count_upper_bound
main,20260945,4,sweep,random,spatial,1,11,11,1.0,15797.290322932615,1436.1173020847832,0.30106309999973746,509,715,704,10622.290322932615,463.0,2545.0,2145.0,22.0,11,49,full_coverage
main,20260945,4,triangulate,random,spatial,1,11,11,1.0,13763.399611938908,1251.2181465399008,0.10517100000288337,520,184,173,10115.399611938912,474.0,2600.0,552.0,22.0,11,49,full_coverage
main,20260946,4,sweep,random,spatial,1,10,10,1.0,14332.278329823353,1433.2278329823353,0.261864299995068,604,548,538,9091.278329823355,557.0,3020.0,1644.0,20.0,10,49,full_coverage
main,20260946,4,triangulate,random,spatial,1,10,10,1.0,12908.228950888575,1290.8228950888574,0.053454599998076446,614,83,73,8998.22895088858,571.0,3070.0,249.0,20.0,10,49,full_coverage
main,20260947,4,sweep,random,spatial,1,14,14,1.0,16027.332480633884,1144.8094629024204,0.3719931000014185,377,818,804,11329.332480633884,331.0,1885.0,2454.0,28.0,14,49,full_coverage
main,20260947,4,triangulate,random,spatial,1,14,14,1.0,11622.827045603584,830.2019318288275,0.032146899997314904,391,39,25,9172.827045603584,350.0,1955.0,117.0,28.0,14,49,full_coverage
main,20260948,4,sweep,random,spatial,1,14,14,1.0,13987.765252960507,999.1260894971791,0.3653827000016463,410,627,613,9666.76525296051,362.0,2050.0,1881.0,28.0,14,49,full_coverage
main,20260948,4,triangulate,random,spatial,1,14,14,1.0,13336.0155523899,952.5725394564214,0.13570130000152858,424,137,123,10393.0155523899,384.0,2120.0,411.0,28.0,14,49,full_coverage
main,20260949,4,sweep,random,spatial,1,15,15,1.0,14700.432839113468,980.0288559408979,0.4554220999998506,306,753,738,10623.432839113468,258.0,1530.0,2259.0,30.0,15,49,full_coverage
main,20260949,4,triangulate,random,spatial,1,15,15,1.0,12610.36628104708,840.6910854031387,0.12049390000174753,337,165,150,10107.366281047081,293.0,1685.0,495.0,30.0,15,49,full_coverage
