group,seed,question,strategy,kind,noise,amplitude_deg,n_sources,n_cleared,clearance_ratio,total_virtual_s,average_per_source_s,runtime_s,measure_count,clear_attempts,failed_clear_attempts,move,switch,measure,optical,laser,cleared_count,visited_survey_points,termination,assumed_bound_deg
stress,20261910,3,triangulate,boundary,constant,1,15,15,1.0,9654.775160024954,643.651677334997,0.019860300002619624,278,33,18,7872.775160024951,263.0,1390.0,99.0,30.0,15,25,full_coverage,1.005
stress,20261911,3,triangulate,boundary,constant,1,14,14,1.0,9180.595033450483,655.7567881036059,0.016146099995239638,340,20,6,7069.595033450482,323.0,1700.0,60.0,28.0,14,25,full_coverage,1.005
stress,20261912,3,triangulate,boundary,constant,1,12,12,1.0,9093.470193560835,757.7891827967363,0.019323900000017602,330,26,14,7029.470193560833,312.0,1650.0,78.0,24.0,12,25,full_coverage,1.005
stress,20261913,3,triangulate,boundary,constant,1,11,11,1.0,8871.969211195024,806.542655563184,0.020822400001634378,346,28,17,6707.9692111950235,328.0,1730.0,84.0,22.0,11,25,full_coverage,1.005
stress,20261914,3,triangulate,boundary,constant,1,11,11,1.0,9022.385734324886,820.216884938626,0.013723700001719408,342,18,7,6912.385734324886,324.0,1710.0,54.0,22.0,11,25,full_coverage,1.005
stress,20261910,3,triangulate,cluster,smooth,1,15,15,1.0,10233.379003458878,682.2252668972585,0.023635599995031953,155,32,17,9201.379003458878,131.0,775.0,96.0,30.0,15,25,full_coverage,1.005
stress,20261911,3,triangulate,cluster,smooth,1,14,14,1.0,10101.037745612372,721.5026961151694,0.019941199992899783,178,27,13,8948.037745612372,154.0,890.0,81.0,28.0,14,25,full_coverage,1.005
stress,20261912,3,triangulate,cluster,smooth,1,12,12,1.0,9797.916178678664,816.4930148898887,0.025212900000042282,224,25,13,8378.916178678664,200.0,1120.0,75.0,24.0,12,25,full_coverage,1.005
stress,20261913,3,triangulate,cluster,smooth,1,11,11,1.0,9319.027145904281,847.1842859912983,0.01934639999672072,247,21,10,7776.0271459042815,223.0,1235.0,63.0,22.0,11,25,full_coverage,1.005
stress,20261914,3,triangulate,cluster,smooth,1,11,11,1.0,9647.743444123214,877.0675858293831,0.024883300000510644,247,17,6,8116.743444123214,223.0,1235.0,51.0,22.0,11,25,full_coverage,1.005
stress,20261910,3,triangulate,radius_min,spatial,1,15,15,1.0,9576.1068378921,638.40712252614,0.022969099998590536,243,22,7,8040.106837892099,225.0,1215.0,66.0,30.0,15,25,full_coverage,1.005
stress,20261911,3,triangulate,radius_min,spatial,1,14,14,1.0,8615.082638990796,615.3630456421997,0.038582599998335354,251,30,16,7010.082638990795,232.0,1255.0,90.0,28.0,14,25,full_coverage,1.005
stress,20261912,3,triangulate,radius_min,spatial,1,12,12,1.0,9640.013357174492,803.3344464312077,0.02452830000402173,283,22,10,7872.013357174494,263.0,1415.0,66.0,24.0,12,25,full_coverage,1.005
stress,20261913,3,triangulate,radius_min,spatial,1,11,11,1.0,9190.193300736571,835.4721182487792,0.023731399996904656,266,15,4,7547.1933007365715,246.0,1330.0,45.0,22.0,11,25,full_coverage,1.005
stress,20261914,3,triangulate,radius_min,spatial,1,11,11,1.0,9352.341590231597,850.2128718392361,0.01861069999722531,285,14,3,7597.341590231597,266.0,1425.0,42.0,22.0,11,25,full_coverage,1.005
stress,20261910,3,triangulate,all_directional,constant,-1,15,15,1.0,10508.058246107687,700.5372164071791,0.0260677999976906,192,30,15,9255.058246107687,173.0,960.0,90.0,30.0,15,25,full_coverage,1.005
stress,20261911,3,triangulate,all_directional,constant,-1,14,14,1.0,9643.36434211834,688.8117387227386,0.0321676999956253,199,38,24,8327.36434211834,179.0,995.0,114.0,28.0,14,25,full_coverage,1.005
stress,20261912,3,triangulate,all_directional,constant,-1,12,12,1.0,8916.659536551422,743.0549613792851,0.026751699995656963,239,27,15,7397.659536551422,219.0,1195.0,81.0,24.0,12,25,full_coverage,1.005
stress,20261913,3,triangulate,all_directional,constant,-1,11,11,1.0,8974.514037880219,815.8649125345654,0.0246811000033631,253,27,16,7375.514037880219,231.0,1265.0,81.0,22.0,11,25,full_coverage,1.005
stress,20261914,3,triangulate,all_directional,constant,-1,11,11,1.0,9346.38073445575,849.6709758596136,0.025098000005527865,274,23,12,7632.380734455749,253.0,1370.0,69.0,22.0,11,25,full_coverage,1.005
stress,20261910,3,triangulate,random,zero,0,15,15,1.0,10492.660830948103,699.5107220632069,0.024915499998314772,192,33,18,9230.660830948103,173.0,960.0,99.0,30.0,15,25,full_coverage,1.005
stress,20261911,3,triangulate,random,zero,0,14,14,1.0,9673.88611961543,690.9918656868165,0.028958299997611903,199,44,30,8339.886119615428,179.0,995.0,132.0,28.0,14,25,full_coverage,1.005
stress,20261912,3,triangulate,random,zero,0,12,12,1.0,8986.686593652437,748.8905494710365,0.028175200000987388,239,37,25,7437.686593652437,219.0,1195.0,111.0,24.0,12,25,full_coverage,1.005
stress,20261913,3,triangulate,random,zero,0,11,11,1.0,8965.775915745973,815.0705377950885,0.030563899999833666,253,30,19,7357.775915745973,231.0,1265.0,90.0,22.0,11,25,full_coverage,1.005
stress,20261914,3,triangulate,random,zero,0,11,11,1.0,9424.834151022831,856.8031046384392,0.027161799996974878,274,35,24,7674.834151022831,253.0,1370.0,105.0,22.0,11,25,full_coverage,1.005
stress,20261910,3,triangulate,random,smooth,1,15,15,1.0,10522.5206639148,701.50137759432,0.025763699995877687,192,37,22,9248.520663914802,173.0,960.0,111.0,30.0,15,25,full_coverage,1.005
stress,20261911,3,triangulate,random,smooth,1,14,14,1.0,9699.839617145692,692.845686938978,0.054969600001641084,199,47,33,8356.839617145692,179.0,995.0,141.0,28.0,14,25,full_coverage,1.005
stress,20261912,3,triangulate,random,smooth,1,12,12,1.0,8881.07765633902,740.0898046949184,0.035274800000479445,239,23,11,7374.077656339021,219.0,1195.0,69.0,24.0,12,25,full_coverage,1.005
stress,20261913,3,triangulate,random,smooth,1,11,11,1.0,8913.564790145441,810.3240718314038,0.039721400004054885,253,19,8,7338.564790145441,231.0,1265.0,57.0,22.0,11,25,full_coverage,1.005
stress,20261914,3,triangulate,random,smooth,1,11,11,1.0,9474.719910162014,861.3381736510921,0.034483399998862296,274,42,31,7703.719910162013,253.0,1370.0,126.0,22.0,11,25,full_coverage,1.005
stress,20261910,4,triangulate,boundary,constant,1,15,15,1.0,16324.15653189505,1088.2771021263368,0.44782780000241473,676,298,283,11386.156531895062,634.0,3380.0,894.0,30.0,15,49,full_coverage,1.005
stress,20261911,4,triangulate,boundary,constant,1,14,14,1.0,15937.435816035711,1138.3882725739793,0.3967133999976795,750,202,188,10845.435816035717,708.0,3750.0,606.0,28.0,14,49,full_coverage,1.005
stress,20261912,4,triangulate,boundary,constant,1,12,12,1.0,14803.11896018137,1233.5932466817808,0.24688650000462076,758,166,154,9773.11896018137,718.0,3790.0,498.0,24.0,12,49,full_coverage,1.005
stress,20261913,4,triangulate,boundary,constant,1,11,11,1.0,14455.438001174636,1314.1307273795123,0.2687545999942813,718,136,125,9761.438001174642,674.0,3590.0,408.0,22.0,11,49,full_coverage,1.005
stress,20261914,4,triangulate,boundary,constant,1,11,11,1.0,13984.938702497817,1271.3580638634378,0.24595579999731854,757,90,79,9193.938702497824,714.0,3785.0,270.0,22.0,11,49,full_coverage,1.005
stress,20261910,4,triangulate,cluster,smooth,1,15,15,1.0,11912.877023060464,794.1918015373643,0.32010689999879105,299,94,79,9852.877023060464,253.0,1495.0,282.0,30.0,15,49,full_coverage,1.005
stress,20261911,4,triangulate,cluster,smooth,1,14,14,1.0,13540.748699077445,967.196335648389,0.3918301000012434,335,161,147,11064.748699077443,290.0,1675.0,483.0,28.0,14,49,full_coverage,1.005
stress,20261912,4,triangulate,cluster,smooth,1,12,12,1.0,12560.456904264105,1046.7047420220088,0.26685400000133086,428,86,74,9756.456904264105,382.0,2140.0,258.0,24.0,12,49,full_coverage,1.005
stress,20261913,4,triangulate,cluster,smooth,1,11,11,1.0,13133.20647389599,1193.9278612632718,0.21157279999897582,471,111,100,9998.206473895993,425.0,2355.0,333.0,22.0,11,49,full_coverage,1.005
stress,20261914,4,triangulate,cluster,smooth,1,11,11,1.0,12264.131630486105,1114.9210573169187,0.14727080000011483,468,61,50,9297.131630486105,422.0,2340.0,183.0,22.0,11,49,full_coverage,1.005
stress,20261910,4,triangulate,radius_min,spatial,1,15,15,1.0,13499.182053583227,899.9454702388817,0.2602186000003712,445,195,180,10256.182053583236,403.0,2225.0,585.0,30.0,15,49,full_coverage,1.005
stress,20261911,4,triangulate,radius_min,spatial,1,14,14,1.0,12670.74293179218,905.0530665565842,0.16365650000079768,469,116,102,9520.742931792181,429.0,2345.0,348.0,28.0,14,49,full_coverage,1.005
stress,20261912,4,triangulate,radius_min,spatial,1,12,12,1.0,12208.723170362344,1017.3935975301953,0.1655499000044074,560,87,75,8605.723170362344,518.0,2800.0,261.0,24.0,12,49,full_coverage,1.005
stress,20261913,4,triangulate,radius_min,spatial,1,11,11,1.0,13524.661667133816,1229.514697012165,0.14139099999738391,551,205,194,9624.661667133822,508.0,2755.0,615.0,22.0,11,49,full_coverage,1.005
stress,20261914,4,triangulate,radius_min,spatial,1,11,11,1.0,13202.948100848178,1200.268009168016,0.1609351000006427,587,164,153,9208.948100848183,545.0,2935.0,492.0,22.0,11,49,full_coverage,1.005
stress,20261910,4,triangulate,all_directional,constant,-1,15,15,1.0,15265.71149296609,1017.7140995310726,0.27012229999672854,529,257,242,11328.711492966093,491.0,2645.0,771.0,30.0,15,49,full_coverage,1.005
stress,20261911,4,triangulate,all_directional,constant,-1,14,14,1.0,13951.291261274999,996.5208043767856,0.24125469999853522,533,186,172,10208.291261275002,492.0,2665.0,558.0,28.0,14,49,full_coverage,1.005
stress,20261912,4,triangulate,all_directional,constant,-1,12,12,1.0,13240.23406674274,1103.3528388952284,0.14780499999324093,596,95,83,9396.23406674274,555.0,2980.0,285.0,24.0,12,49,full_coverage,1.005
stress,20261913,4,triangulate,all_directional,constant,-1,11,11,1.0,12834.329366081321,1166.757215098302,0.17151749999902677,568,102,91,9141.329366081321,525.0,2840.0,306.0,22.0,11,49,full_coverage,1.005
stress,20261914,4,triangulate,all_directional,constant,-1,11,11,1.0,16279.137545137173,1479.9215950124703,0.23840080000081798,612,455,444,11263.137545137171,569.0,3060.0,1365.0,22.0,11,49,full_coverage,1.005
stress,20261910,4,triangulate,random,zero,0,15,15,1.0,15350.59364836387,1023.3729098909247,0.19384459999855608,361,378,363,12062.593648363872,319.0,1805.0,1134.0,30.0,15,49,full_coverage,1.005
stress,20261911,4,triangulate,random,zero,0,14,14,1.0,13363.553318688962,954.5395227634973,0.10090190000482835,428,141,127,10386.55331868896,386.0,2140.0,423.0,28.0,14,49,full_coverage,1.005
stress,20261912,4,triangulate,random,zero,0,12,12,1.0,12409.331849879036,1034.1109874899196,0.053372799993667286,457,51,39,9534.331849879036,413.0,2285.0,153.0,24.0,12,49,full_coverage,1.005
stress,20261913,4,triangulate,random,zero,0,11,11,1.0,12180.428383767732,1107.311671251612,0.09448369999881834,544,77,66,8708.428383767736,499.0,2720.0,231.0,22.0,11,49,full_coverage,1.005
stress,20261914,4,triangulate,random,zero,0,11,11,1.0,11882.74255862808,1080.2493235116438,0.024133400002028793,538,28,17,8592.74255862808,494.0,2690.0,84.0,22.0,11,49,full_coverage,1.005
stress,20261910,4,triangulate,random,smooth,1,15,15,1.0,15374.728345999036,1024.981889733269,0.1954224999935832,361,382,367,12074.728345999036,319.0,1805.0,1146.0,30.0,15,49,full_coverage,1.005
stress,20261911,4,triangulate,random,smooth,1,14,14,1.0,13397.206604239078,956.9433288742199,0.10388780000357656,428,146,132,10405.20660423908,386.0,2140.0,438.0,28.0,14,49,full_coverage,1.005
stress,20261912,4,triangulate,random,smooth,1,12,12,1.0,12359.092003033165,1029.9243335860972,0.06376119999913499,457,45,33,9502.092003033165,413.0,2285.0,135.0,24.0,12,49,full_coverage,1.005
stress,20261913,4,triangulate,random,smooth,1,11,11,1.0,12172.405446044175,1106.5823132767432,0.09839530000317609,543,75,64,8712.405446044177,498.0,2715.0,225.0,22.0,11,49,full_coverage,1.005
stress,20261914,4,triangulate,random,smooth,1,11,11,1.0,11880.081541569627,1080.0074128699662,0.029598200002510566,538,27,16,8593.081541569627,494.0,2690.0,81.0,22.0,11,49,full_coverage,1.005
sensitivity,20262910,3,triangulate,random,spatial,0.5,11,11,1.0,9100.916303262835,827.3560275693486,0.010562999996182043,282,12,1,7370.916303262837,262.0,1410.0,36.0,22.0,11,25,full_coverage,0.505
sensitivity,20262911,3,triangulate,random,spatial,0.5,16,16,1.0,7735.179328597042,483.4487080373151,0.021152199995412957,161,24,8,6676.179328597042,150.0,805.0,72.0,32.0,16,16,count_upper_bound,0.505
sensitivity,20262912,3,triangulate,random,spatial,0.5,15,15,1.0,9254.162589319949,616.9441726213299,0.015515600003709551,198,18,3,8000.162589319949,180.0,990.0,54.0,30.0,15,25,full_coverage,0.505
sensitivity,20262913,3,triangulate,random,spatial,0.5,11,11,1.0,9113.602445178134,828.5093131980121,0.010904399998253211,286,13,2,7357.602445178136,265.0,1430.0,39.0,22.0,11,25,full_coverage,0.505
sensitivity,20262914,3,triangulate,random,spatial,0.5,10,10,1.0,9056.614437961502,905.6614437961501,0.009062599994649645,294,11,1,7260.614437961501,273.0,1470.0,33.0,20.0,10,25,full_coverage,0.505
sensitivity,20262910,3,triangulate,random,spatial,1,11,11,1.0,9164.587250332566,833.1442954847788,0.02333139999973355,282,23,12,7401.587250332567,262.0,1410.0,69.0,22.0,11,25,full_coverage,1.005
sensitivity,20262911,3,triangulate,random,spatial,1,16,16,1.0,7941.224844565467,496.3265527853417,0.0421695000040927,161,58,42,6780.224844565467,150.0,805.0,174.0,32.0,16,16,count_upper_bound,1.005
sensitivity,20262912,3,triangulate,random,spatial,1,15,15,1.0,9407.056362234194,627.137090815613,0.02604560000327183,198,43,28,8078.056362234194,180.0,990.0,129.0,30.0,15,25,full_coverage,1.005
sensitivity,20262913,3,triangulate,random,spatial,1,11,11,1.0,9194.285127340558,835.8441024855052,0.020702200003142934,286,27,16,7396.285127340558,265.0,1430.0,81.0,22.0,11,25,full_coverage,1.005
sensitivity,20262914,3,triangulate,random,spatial,1,10,10,1.0,9125.706384224251,912.5706384224252,0.01883329999691341,294,23,13,7293.70638422425,273.0,1470.0,69.0,20.0,10,25,full_coverage,1.005
sensitivity,20262910,3,triangulate,random,spatial,1.5,11,11,1.0,9218.319613593747,838.0290557812497,0.033176300006743986,282,29,18,7437.319613593747,262.0,1410.0,87.0,22.0,11,25,full_coverage,1.505
sensitivity,20262911,3,triangulate,random,spatial,1.5,16,16,1.0,8024.541903236136,501.5338689522585,0.05375310000090394,161,72,56,6821.541903236136,150.0,805.0,216.0,32.0,16,16,count_upper_bound,1.505
sensitivity,20262912,3,triangulate,random,spatial,1.5,15,15,1.0,9435.955321454174,629.0636880969449,0.03807709999819053,198,49,34,8088.955321454173,180.0,990.0,147.0,30.0,15,25,full_coverage,1.505
sensitivity,20262913,3,triangulate,random,spatial,1.5,11,11,1.0,9246.557561462681,840.5961419511528,0.028143400006229058,286,37,26,7418.557561462681,265.0,1430.0,111.0,22.0,11,25,full_coverage,1.505
sensitivity,20262914,3,triangulate,random,spatial,1.5,10,10,1.0,9203.598443962888,920.3598443962888,0.029499399999622256,294,37,27,7329.598443962887,273.0,1470.0,111.0,20.0,10,25,full_coverage,1.505
sensitivity,20262910,4,triangulate,random,spatial,0.5,11,11,1.0,12442.110647102345,1131.100967918395,0.09430310000607278,524,92,81,9042.110647102345,482.0,2620.0,276.0,22.0,11,49,full_coverage,0.505
sensitivity,20262911,4,triangulate,random,spatial,0.5,16,16,1.0,8934.156130575737,558.3847581609836,0.13507860000390792,266,140,124,6904.156130575739,248.0,1330.0,420.0,32.0,16,24,count_upper_bound,0.505
sensitivity,20262912,4,triangulate,random,spatial,0.5,15,15,1.0,11567.239479203088,771.1492986135393,0.06179559999873163,367,46,31,9239.239479203088,325.0,1835.0,138.0,30.0,15,49,full_coverage,0.505
sensitivity,20262913,4,triangulate,random,spatial,0.5,11,11,1.0,12610.296984837156,1146.390634985196,0.09200260000216076,529,89,78,9191.29698483716,485.0,2645.0,267.0,22.0,11,49,full_coverage,0.505
sensitivity,20262914,4,triangulate,random,spatial,0.5,10,10,1.0,12258.75602844416,1225.875602844416,0.04004700000223238,521,42,32,9031.75602844416,476.0,2605.0,126.0,20.0,10,49,full_coverage,0.505
sensitivity,20262910,4,triangulate,random,spatial,1,11,11,1.0,12754.354099044098,1159.486736276736,0.10282069999811938,524,136,125,9222.3540990441,482.0,2620.0,408.0,22.0,11,49,full_coverage,1.005
sensitivity,20262911,4,triangulate,random,spatial,1,16,16,1.0,9201.654301435856,575.103393839741,0.15484949999517994,266,179,163,7054.6543014358585,248.0,1330.0,537.0,32.0,16,24,count_upper_bound,1.005
sensitivity,20262912,4,triangulate,random,spatial,1,15,15,1.0,11965.279244465528,797.6852829643685,0.10237589999451302,367,89,74,9508.279244465526,325.0,1835.0,267.0,30.0,15,49,full_coverage,1.005
sensitivity,20262913,4,triangulate,random,spatial,1,11,11,1.0,12903.754032758301,1173.068548432573,0.1005250000016531,529,129,118,9364.754032758305,485.0,2645.0,387.0,22.0,11,49,full_coverage,1.005
sensitivity,20262914,4,triangulate,random,spatial,1,10,10,1.0,12343.63491109959,1234.363491109959,0.05471180000313325,521,58,48,9068.634911099589,476.0,2605.0,174.0,20.0,10,49,full_coverage,1.005
sensitivity,20262910,4,triangulate,random,spatial,1.5,11,11,1.0,13115.19244335375,1192.2902221230681,0.1374980000036885,524,182,171,9445.192443353752,482.0,2620.0,546.0,22.0,11,49,full_coverage,1.505
sensitivity,20262911,4,triangulate,random,spatial,1.5,16,16,1.0,9812.902746232265,613.3064216395165,0.210337199998321,266,262,246,7416.902746232267,248.0,1330.0,786.0,32.0,16,24,count_upper_bound,1.505
sensitivity,20262912,4,triangulate,random,spatial,1.5,15,15,1.0,12113.863484535543,807.5908989690362,0.13907910000125412,367,112,97,9587.863484535541,325.0,1835.0,336.0,30.0,15,49,full_coverage,1.505
sensitivity,20262913,4,triangulate,random,spatial,1.5,11,11,1.0,13324.301312451253,1211.3001193137502,0.13340370000514667,529,185,174,9617.301312451253,485.0,2645.0,555.0,22.0,11,49,full_coverage,1.505
sensitivity,20262914,4,triangulate,random,spatial,1.5,10,10,1.0,12552.662647498031,1255.2662647498032,0.09695409999403637,521,86,76,9193.662647498031,476.0,2605.0,258.0,20.0,10,49,full_coverage,1.505
