data_source,case_id,phase,question,seed,kind,noise,true_source_count,cleared_count,clear_ratio,virtual_time,average_clear_time,real_program_time,movement_distance,measure_count,channel_switch_count,clear_attempt_count,failed_clear_count,strategy_version,parameters,visited_survey_points,termination,move_s,measure_s,switch_s,optical_s,laser_s,validation_passed,notes
local_synthetic,local-3-2026090100-random,development,3,2026090100,random,spatial,12,12,1.0,4040.642745638872,336.7202288032393,0.018567800001619617,16788.213728194358,99,95,23,11,candidate-shared,"{""q3_survey_layout"": ""hexagon""}",7,full_coverage,3357.642745638872,495.0,95.0,69.0,24.0,True,
local_synthetic,local-3-2026090101-random,development,3,2026090101,random,spatial,14,14,1.0,4170.791719192344,297.9136942280246,0.02864680000129738,17313.95859596172,100,93,29,15,candidate-shared,"{""q3_survey_layout"": ""hexagon""}",7,full_coverage,3462.7917191923443,500.0,93.0,87.0,28.0,True,
local_synthetic,local-3-2026090102-random,development,3,2026090102,random,spatial,14,14,1.0,4460.3569917591685,318.59692798279775,0.03143389999968349,18686.784958795844,98,94,37,23,candidate-shared,"{""q3_survey_layout"": ""hexagon""}",7,full_coverage,3737.356991759169,490.0,94.0,111.0,28.0,True,
local_synthetic,local-3-2026090103-random,development,3,2026090103,random,spatial,16,16,1.0,4381.669783024879,273.8543614390549,0.03621019999991404,18503.34891512439,92,87,34,18,candidate-shared,"{""q3_survey_layout"": ""hexagon""}",7,count_upper_bound,3700.6697830248777,460.0,87.0,102.0,32.0,True,
local_synthetic,local-3-2026090104-random,development,3,2026090104,random,spatial,14,14,1.0,4306.540392024481,307.6100280017486,0.031953100000464474,17967.701960122402,95,90,40,26,candidate-shared,"{""q3_survey_layout"": ""hexagon""}",7,full_coverage,3593.5403920244808,475.0,90.0,120.0,28.0,True,
local_synthetic,local-3-2026090105-random,development,3,2026090105,random,spatial,15,15,1.0,4543.515123384954,302.9010082256636,0.03919029999997292,19347.57561692476,90,86,36,21,candidate-shared,"{""q3_survey_layout"": ""hexagon""}",7,full_coverage,3869.5151233849524,450.0,86.0,108.0,30.0,True,
local_synthetic,local-3-2026090106-random,development,3,2026090106,random,spatial,10,10,1.0,4717.9380448085585,471.79380448085584,0.024082600000838283,19404.690224042788,114,109,46,36,candidate-shared,"{""q3_survey_layout"": ""hexagon""}",7,full_coverage,3880.9380448085576,570.0,109.0,138.0,20.0,True,
local_synthetic,local-3-2026090107-random,development,3,2026090107,random,spatial,11,11,1.0,4669.036387597437,424.45785341794885,0.027417100000093342,19585.18193798719,109,104,27,16,candidate-shared,"{""q3_survey_layout"": ""hexagon""}",7,full_coverage,3917.036387597438,545.0,104.0,81.0,22.0,True,
local_synthetic,local-3-2026090108-random,development,3,2026090108,random,spatial,11,11,1.0,4063.3501705519184,369.3954700501744,0.018655199999557226,16566.750852759593,111,107,22,11,candidate-shared,"{""q3_survey_layout"": ""hexagon""}",7,full_coverage,3313.3501705519184,555.0,107.0,66.0,22.0,True,
local_synthetic,local-3-2026090109-random,development,3,2026090109,random,spatial,16,16,1.0,4432.0694653357305,277.00434158348315,0.03277840000009746,18860.347326678646,85,83,40,24,candidate-shared,"{""q3_survey_layout"": ""hexagon""}",6,count_upper_bound,3772.0694653357295,425.0,83.0,120.0,32.0,True,
local_synthetic,local-3-2026090110-random,development,3,2026090110,random,spatial,10,10,1.0,3734.4565721067534,373.44565721067534,0.017544899999847985,15252.282860533767,103,101,16,6,candidate-shared,"{""q3_survey_layout"": ""hexagon""}",7,full_coverage,3050.4565721067534,515.0,101.0,48.0,20.0,True,
local_synthetic,local-3-2026090111-random,development,3,2026090111,random,spatial,10,10,1.0,3799.2968012013744,379.92968012013745,0.01640369999950053,15196.484006006871,113,109,22,12,candidate-shared,"{""q3_survey_layout"": ""hexagon""}",7,full_coverage,3039.2968012013744,565.0,109.0,66.0,20.0,True,
local_synthetic,local-3-2026090112-random,development,3,2026090112,random,spatial,15,15,1.0,4687.610921644175,312.5073947762783,0.03212320000056934,19898.054608220875,98,95,31,16,candidate-shared,"{""q3_survey_layout"": ""hexagon""}",7,full_coverage,3979.6109216441746,490.0,95.0,93.0,30.0,True,
local_synthetic,local-3-2026090113-random,development,3,2026090113,random,spatial,11,11,1.0,4160.971472678827,378.27013387989336,0.0239118999998027,16939.857363394134,115,110,22,11,candidate-shared,"{""q3_survey_layout"": ""hexagon""}",7,full_coverage,3387.971472678827,575.0,110.0,66.0,22.0,True,
local_synthetic,local-3-2026090114-random,development,3,2026090114,random,spatial,13,13,1.0,4557.125849899007,350.54814229992365,0.020237299999280367,19265.629249495036,103,100,21,8,candidate-shared,"{""q3_survey_layout"": ""hexagon""}",7,full_coverage,3853.1258498990073,515.0,100.0,63.0,26.0,True,
local_synthetic,local-3-2026090115-random,development,3,2026090115,random,spatial,16,16,1.0,4749.877886159158,296.8673678849474,0.03226340000037453,20339.38943079579,94,90,30,14,candidate-shared,"{""q3_survey_layout"": ""hexagon""}",6,count_upper_bound,4067.8778861591577,470.0,90.0,90.0,32.0,True,
local_synthetic,local-3-2026090116-random,development,3,2026090116,random,spatial,13,13,1.0,4363.146287806966,335.62663752361277,0.027664700000968878,17710.731439034833,112,109,42,29,candidate-shared,"{""q3_survey_layout"": ""hexagon""}",7,full_coverage,3542.1462878069665,560.0,109.0,126.0,26.0,True,
local_synthetic,local-3-2026090117-random,development,3,2026090117,random,spatial,13,13,1.0,3987.7439392470296,306.74953378823307,0.0362924999990355,16408.719696235148,99,95,30,17,candidate-shared,"{""q3_survey_layout"": ""hexagon""}",7,full_coverage,3281.7439392470296,495.0,95.0,90.0,26.0,True,
local_synthetic,local-3-2026090118-random,development,3,2026090118,random,spatial,13,13,1.0,4098.523284260861,315.2710218662201,0.035344999998415005,16842.616421304305,103,99,30,17,candidate-shared,"{""q3_survey_layout"": ""hexagon""}",7,full_coverage,3368.523284260861,515.0,99.0,90.0,26.0,True,
local_synthetic,local-3-2026090119-random,development,3,2026090119,random,spatial,14,14,1.0,4256.831135165848,304.05936679756053,0.022749100000510225,17479.15567582924,113,108,20,6,candidate-shared,"{""q3_survey_layout"": ""hexagon""}",7,full_coverage,3495.8311351658476,565.0,108.0,60.0,28.0,True,
local_synthetic,local-3-2026091100-random,holdout,3,2026091100,random,spatial,10,10,1.0,4022.0116340510717,402.2011634051072,0.01578920000065409,16575.05817025536,108,105,14,4,candidate-shared,"{""q3_survey_layout"": ""hexagon""}",7,full_coverage,3315.011634051072,540.0,105.0,42.0,20.0,True,
local_synthetic,local-3-2026091101-random,holdout,3,2026091101,random,spatial,14,14,1.0,4894.316083670802,349.59400597648585,0.03340179999941029,20446.58041835401,111,105,39,25,candidate-shared,"{""q3_survey_layout"": ""hexagon""}",7,full_coverage,4089.316083670802,555.0,105.0,117.0,28.0,True,
local_synthetic,local-3-2026091102-random,holdout,3,2026091102,random,spatial,12,12,1.0,4727.824400329382,393.98536669411516,0.02304030000050261,20099.122001646916,104,101,21,9,candidate-shared,"{""q3_survey_layout"": ""hexagon""}",7,full_coverage,4019.8244003293835,520.0,101.0,63.0,24.0,True,
local_synthetic,local-3-2026091103-random,holdout,3,2026091103,random,spatial,16,16,1.0,5010.4122750641245,313.1507671915078,0.04674960000011197,20887.061375320623,96,93,76,60,candidate-shared,"{""q3_survey_layout"": ""hexagon""}",7,count_upper_bound,4177.4122750641245,480.0,93.0,228.0,32.0,True,
local_synthetic,local-3-2026091104-random,holdout,3,2026091104,random,spatial,16,16,1.0,4968.626681992495,310.53916762453093,0.04135420000056911,20928.133409962466,100,95,52,36,candidate-shared,"{""q3_survey_layout"": ""hexagon""}",7,count_upper_bound,4185.626681992493,500.0,95.0,156.0,32.0,True,
local_synthetic,local-3-2026091105-random,holdout,3,2026091105,random,spatial,12,12,1.0,4415.873141849985,367.98942848749874,0.022799400001531467,18214.365709249927,109,105,33,21,candidate-shared,"{""q3_survey_layout"": ""hexagon""}",7,full_coverage,3642.873141849985,545.0,105.0,99.0,24.0,True,
local_synthetic,local-3-2026091106-random,holdout,3,2026091106,random,spatial,16,16,1.0,4841.6749110005485,302.6046819375343,0.03717049999977462,20863.374555002738,89,84,36,20,candidate-shared,"{""q3_survey_layout"": ""hexagon""}",7,count_upper_bound,4172.674911000548,445.0,84.0,108.0,32.0,True,
local_synthetic,local-3-2026091107-random,holdout,3,2026091107,random,spatial,11,11,1.0,4406.302082861278,400.5729166237525,0.016961600000286126,17946.51041430639,122,119,22,11,candidate-shared,"{""q3_survey_layout"": ""hexagon""}",7,full_coverage,3589.3020828612784,610.0,119.0,66.0,22.0,True,
local_synthetic,local-3-2026091108-random,holdout,3,2026091108,random,spatial,12,12,1.0,4294.7601049719315,357.8966754143276,0.02421649999996589,17703.800524859656,106,101,33,21,candidate-shared,"{""q3_survey_layout"": ""hexagon""}",7,full_coverage,3540.7601049719315,530.0,101.0,99.0,24.0,True,
local_synthetic,local-3-2026091109-random,holdout,3,2026091109,random,spatial,14,14,1.0,4402.914984972089,314.49392749800637,0.033005000001139706,18639.57492486044,92,88,33,19,candidate-shared,"{""q3_survey_layout"": ""hexagon""}",7,full_coverage,3727.9149849720884,460.0,88.0,99.0,28.0,True,
local_synthetic,local-3-2026091110-random,holdout,3,2026091110,random,spatial,15,15,1.0,5064.38334426258,337.625556284172,0.034880600000178674,21826.916721312904,94,91,36,21,candidate-shared,"{""q3_survey_layout"": ""hexagon""}",7,full_coverage,4365.383344262581,470.0,91.0,108.0,30.0,True,
local_synthetic,local-3-2026091111-random,holdout,3,2026091111,random,spatial,16,16,1.0,4962.843471021674,310.17771693885464,0.028128199999628123,21229.21735510836,96,94,37,21,candidate-shared,"{""q3_survey_layout"": ""hexagon""}",7,count_upper_bound,4245.8434710216725,480.0,94.0,111.0,32.0,True,
local_synthetic,local-3-2026091112-random,holdout,3,2026091112,random,spatial,13,13,1.0,4772.510508765614,367.1161929819703,0.024411000000327476,20132.552543828067,108,105,25,12,candidate-shared,"{""q3_survey_layout"": ""hexagon""}",7,full_coverage,4026.5105087656134,540.0,105.0,75.0,26.0,True,
local_synthetic,local-3-2026091113-random,holdout,3,2026091113,random,spatial,10,10,1.0,4048.0873081532063,404.80873081532064,0.026646700000128476,16185.43654076603,120,113,26,16,candidate-shared,"{""q3_survey_layout"": ""hexagon""}",7,full_coverage,3237.087308153206,600.0,113.0,78.0,20.0,True,
local_synthetic,local-3-2026091114-random,holdout,3,2026091114,random,spatial,15,15,1.0,4476.29497477696,298.4196649851307,0.02403050000066287,18876.474873884803,99,95,27,12,candidate-shared,"{""q3_survey_layout"": ""hexagon""}",7,full_coverage,3775.2949747769603,495.0,95.0,81.0,30.0,True,
local_synthetic,local-3-2026091115-random,holdout,3,2026091115,random,spatial,11,11,1.0,3900.35455200031,354.5776865454827,0.029923500000222703,15986.77276000155,102,96,25,14,candidate-shared,"{""q3_survey_layout"": ""hexagon""}",7,full_coverage,3197.35455200031,510.0,96.0,75.0,22.0,True,
local_synthetic,local-3-2026091116-random,holdout,3,2026091116,random,spatial,11,11,1.0,3594.067313492319,326.7333921356654,0.017359099998429883,14705.336567461596,98,93,16,5,candidate-shared,"{""q3_survey_layout"": ""hexagon""}",7,full_coverage,2941.067313492319,490.0,93.0,48.0,22.0,True,
local_synthetic,local-3-2026091117-random,holdout,3,2026091117,random,spatial,13,13,1.0,3790.236763503213,291.5566741156318,0.052997799999502604,15471.183817516065,88,83,49,36,candidate-shared,"{""q3_survey_layout"": ""hexagon""}",7,full_coverage,3094.236763503213,440.0,83.0,147.0,26.0,True,
local_synthetic,local-3-2026091118-random,holdout,3,2026091118,random,spatial,13,13,1.0,4364.436057616078,335.72585058585213,0.03765750000093249,17922.180288080388,98,93,57,44,candidate-shared,"{""q3_survey_layout"": ""hexagon""}",7,full_coverage,3584.4360576160775,490.0,93.0,171.0,26.0,True,
local_synthetic,local-3-2026091119-random,holdout,3,2026091119,random,spatial,11,11,1.0,3975.526467679477,361.4114970617706,0.02092139999876963,16327.632338397387,103,101,24,13,candidate-shared,"{""q3_survey_layout"": ""hexagon""}",7,full_coverage,3265.5264676794773,515.0,101.0,72.0,22.0,True,
local_synthetic,local-3-2026091120-random,holdout,3,2026091120,random,spatial,14,14,1.0,4920.593980141968,351.4709985815692,0.02821330000006128,20812.96990070984,103,101,38,24,candidate-shared,"{""q3_survey_layout"": ""hexagon""}",7,full_coverage,4162.593980141968,515.0,101.0,114.0,28.0,True,
local_synthetic,local-3-2026091121-random,holdout,3,2026091121,random,spatial,16,16,1.0,4617.035704099315,288.5647315062072,0.0243981999992684,19805.178520496574,90,87,29,13,candidate-shared,"{""q3_survey_layout"": ""hexagon""}",6,count_upper_bound,3961.035704099315,450.0,87.0,87.0,32.0,True,
local_synthetic,local-3-2026091122-random,holdout,3,2026091122,random,spatial,10,10,1.0,4046.8749234289535,404.6874923428953,0.020107399999687914,16449.374617144767,114,110,19,9,candidate-shared,"{""q3_survey_layout"": ""hexagon""}",7,full_coverage,3289.8749234289535,570.0,110.0,57.0,20.0,True,
local_synthetic,local-3-2026091123-random,holdout,3,2026091123,random,spatial,15,15,1.0,4551.3914439369,303.42609626246,0.03258070000083535,18836.95721968449,109,107,34,19,candidate-shared,"{""q3_survey_layout"": ""hexagon""}",7,full_coverage,3767.391443936898,545.0,107.0,102.0,30.0,True,
local_synthetic,local-3-2026091124-random,holdout,3,2026091124,random,spatial,16,16,1.0,5613.338402438486,350.83365015240537,0.053036499999507214,24381.692012192427,90,87,56,40,candidate-shared,"{""q3_survey_layout"": ""hexagon""}",6,count_upper_bound,4876.338402438485,450.0,87.0,168.0,32.0,True,
local_synthetic,local-3-2026091125-random,holdout,3,2026091125,random,spatial,15,15,1.0,4157.231832493226,277.14878883288173,0.04720239999915066,17166.15916246613,94,89,45,30,candidate-shared,"{""q3_survey_layout"": ""hexagon""}",7,full_coverage,3433.2318324932257,470.0,89.0,135.0,30.0,True,
local_synthetic,local-3-2026091126-random,holdout,3,2026091126,random,spatial,11,11,1.0,4109.201729105677,373.5637935550616,0.0302919000005204,17051.00864552839,97,93,33,22,candidate-shared,"{""q3_survey_layout"": ""hexagon""}",7,full_coverage,3410.201729105678,485.0,93.0,99.0,22.0,True,
local_synthetic,local-3-2026091127-random,holdout,3,2026091127,random,spatial,16,16,1.0,4278.019074143116,267.37619213394476,0.04302869999992254,18230.09537071558,77,74,47,31,candidate-shared,"{""q3_survey_layout"": ""hexagon""}",5,count_upper_bound,3646.019074143116,385.0,74.0,141.0,32.0,True,
local_synthetic,local-3-2026091128-random,holdout,3,2026091128,random,spatial,13,13,1.0,4020.398439304914,309.2614184080703,0.028035100000124658,16391.992196524578,102,98,36,23,candidate-shared,"{""q3_survey_layout"": ""hexagon""}",7,full_coverage,3278.3984393049154,510.0,98.0,108.0,26.0,True,
local_synthetic,local-3-2026091129-random,holdout,3,2026091129,random,spatial,10,10,1.0,4372.17813461175,437.21781346117496,0.021641699999236153,17895.890673058744,114,110,31,21,candidate-shared,"{""q3_survey_layout"": ""hexagon""}",7,full_coverage,3579.1781346117486,570.0,110.0,93.0,20.0,True,
local_synthetic,local-3-2026091130-random,holdout,3,2026091130,random,spatial,15,15,1.0,4123.613390801794,274.90755938678626,0.037696600000344915,17458.06695400897,88,84,26,11,candidate-shared,"{""q3_survey_layout"": ""hexagon""}",7,full_coverage,3491.613390801794,440.0,84.0,78.0,30.0,True,
local_synthetic,local-3-2026091131-random,holdout,3,2026091131,random,spatial,14,14,1.0,4857.902458793717,346.9930327709798,0.03259580000121787,20594.512293968597,101,95,37,23,candidate-shared,"{""q3_survey_layout"": ""hexagon""}",7,full_coverage,4118.902458793719,505.0,95.0,111.0,28.0,True,
local_synthetic,local-3-2026091132-random,holdout,3,2026091132,random,spatial,16,16,1.0,4923.060313843074,307.69126961519214,0.028118399999584653,20660.301569215368,113,110,28,12,candidate-shared,"{""q3_survey_layout"": ""hexagon""}",7,count_upper_bound,4132.060313843073,565.0,110.0,84.0,32.0,True,
local_synthetic,local-3-2026091133-random,holdout,3,2026091133,random,spatial,12,12,1.0,4056.8926919708542,338.0743909975712,0.023394800000460236,16044.463459854273,123,116,31,19,candidate-shared,"{""q3_survey_layout"": ""hexagon""}",7,full_coverage,3208.8926919708547,615.0,116.0,93.0,24.0,True,
local_synthetic,local-3-2026091134-random,holdout,3,2026091134,random,spatial,12,12,1.0,4621.165319961104,385.09710999675866,0.0294064999998227,19215.826599805518,109,107,34,22,candidate-shared,"{""q3_survey_layout"": ""hexagon""}",7,full_coverage,3843.1653199611037,545.0,107.0,102.0,24.0,True,
local_synthetic,local-3-2026091135-random,holdout,3,2026091135,random,spatial,11,11,1.0,4252.683574996975,386.6075977269977,0.028016799999022624,17408.417874984872,106,102,39,28,candidate-shared,"{""q3_survey_layout"": ""hexagon""}",7,full_coverage,3481.6835749969746,530.0,102.0,117.0,22.0,True,
local_synthetic,local-3-2026091136-random,holdout,3,2026091136,random,spatial,11,11,1.0,4352.194232823244,395.6540211657495,0.021853799999007606,18155.97116411622,104,101,26,15,candidate-shared,"{""q3_survey_layout"": ""hexagon""}",7,full_coverage,3631.1942328232444,520.0,101.0,78.0,22.0,True,
local_synthetic,local-3-2026091137-random,holdout,3,2026091137,random,spatial,13,13,1.0,3974.6251853352014,305.74039887193857,0.03896130000066478,16173.125926676006,105,99,30,17,candidate-shared,"{""q3_survey_layout"": ""hexagon""}",7,full_coverage,3234.6251853352014,525.0,99.0,90.0,26.0,True,
local_synthetic,local-3-2026091138-random,holdout,3,2026091138,random,spatial,15,15,1.0,4583.207630461604,305.5471753641069,0.040273399999932735,19641.038152308018,89,84,32,17,candidate-shared,"{""q3_survey_layout"": ""hexagon""}",7,full_coverage,3928.2076304616035,445.0,84.0,96.0,30.0,True,
local_synthetic,local-3-2026091139-random,holdout,3,2026091139,random,spatial,13,13,1.0,4689.096333489997,360.699717960769,0.0294328999989375,19845.48166744998,100,95,33,20,candidate-shared,"{""q3_survey_layout"": ""hexagon""}",7,full_coverage,3969.096333489996,500.0,95.0,99.0,26.0,True,
local_synthetic,local-3-2026091140-random,holdout,3,2026091140,random,spatial,16,16,1.0,4954.686194354549,309.6678871471593,0.03295109999999113,21053.430971772745,103,101,32,16,candidate-shared,"{""q3_survey_layout"": ""hexagon""}",7,count_upper_bound,4210.686194354549,515.0,101.0,96.0,32.0,True,
local_synthetic,local-3-2026091141-random,holdout,3,2026091141,random,spatial,15,15,1.0,4635.310600490916,309.0207066993944,0.04293789999974251,19796.55300245458,87,82,43,28,candidate-shared,"{""q3_survey_layout"": ""hexagon""}",7,full_coverage,3959.3106004909164,435.0,82.0,129.0,30.0,True,
local_synthetic,local-3-2026091142-random,holdout,3,2026091142,random,spatial,14,14,1.0,4176.917976846986,298.351284060499,0.040270900000905385,17144.58988423493,93,90,55,41,candidate-shared,"{""q3_survey_layout"": ""hexagon""}",7,full_coverage,3428.917976846986,465.0,90.0,165.0,28.0,True,
local_synthetic,local-3-2026091143-random,holdout,3,2026091143,random,spatial,16,16,1.0,4729.154733221379,295.57217082633616,0.03878900000017893,19990.773666106892,84,81,66,50,candidate-shared,"{""q3_survey_layout"": ""hexagon""}",6,count_upper_bound,3998.1547332213786,420.0,81.0,198.0,32.0,True,
local_synthetic,local-3-2026091144-random,holdout,3,2026091144,random,spatial,15,15,1.0,4857.444528068308,323.8296352045538,0.033203700000740355,20852.222640341533,92,86,37,22,candidate-shared,"{""q3_survey_layout"": ""hexagon""}",7,full_coverage,4170.444528068307,460.0,86.0,111.0,30.0,True,
local_synthetic,local-3-2026091145-random,holdout,3,2026091145,random,spatial,11,11,1.0,4247.954950073336,386.1777227339396,0.018994799998836243,17639.774750366676,103,99,28,17,candidate-shared,"{""q3_survey_layout"": ""hexagon""}",7,full_coverage,3527.9549500733356,515.0,99.0,84.0,22.0,True,
local_synthetic,local-3-2026091146-random,holdout,3,2026091146,random,spatial,11,11,1.0,4164.292395459171,378.5720359508337,0.022020799999154406,17181.46197729585,108,103,21,10,candidate-shared,"{""q3_survey_layout"": ""hexagon""}",7,full_coverage,3436.29239545917,540.0,103.0,63.0,22.0,True,
local_synthetic,local-3-2026091147-random,holdout,3,2026091147,random,spatial,11,11,1.0,4072.10149839259,370.1910453084173,0.021035699999629287,16775.507491962955,105,101,23,12,candidate-shared,"{""q3_survey_layout"": ""hexagon""}",7,full_coverage,3355.101498392591,525.0,101.0,69.0,22.0,True,
local_synthetic,local-3-2026091148-random,holdout,3,2026091148,random,spatial,13,13,1.0,3835.967455475214,295.07441965193954,0.024828099998558173,15409.837277376073,110,106,24,11,candidate-shared,"{""q3_survey_layout"": ""hexagon""}",7,full_coverage,3081.9674554752146,550.0,106.0,72.0,26.0,True,
local_synthetic,local-3-2026091149-random,holdout,3,2026091149,random,spatial,11,11,1.0,4388.851953488622,398.98654122623833,0.026586200001474936,18724.25976744311,94,89,21,10,candidate-shared,"{""q3_survey_layout"": ""hexagon""}",7,full_coverage,3744.851953488622,470.0,89.0,63.0,22.0,True,
local_synthetic,local-3-2026091150-random,holdout,3,2026091150,random,spatial,13,13,1.0,4099.4358519205025,315.34121937850017,0.02437420000023849,16887.17925960251,104,98,26,13,candidate-shared,"{""q3_survey_layout"": ""hexagon""}",7,full_coverage,3377.4358519205025,520.0,98.0,78.0,26.0,True,
local_synthetic,local-3-2026091151-random,holdout,3,2026091151,random,spatial,13,13,1.0,4564.676791439091,351.1289839568532,0.03288969999994151,18998.383957195452,102,97,44,31,candidate-shared,"{""q3_survey_layout"": ""hexagon""}",7,full_coverage,3799.6767914390907,510.0,97.0,132.0,26.0,True,
local_synthetic,local-3-2026091152-random,holdout,3,2026091152,random,spatial,12,12,1.0,4742.251421616199,395.1876184680166,0.03382439999950293,19781.257108080994,102,96,52,40,candidate-shared,"{""q3_survey_layout"": ""hexagon""}",7,full_coverage,3956.251421616199,510.0,96.0,156.0,24.0,True,
local_synthetic,local-3-2026091153-random,holdout,3,2026091153,random,spatial,14,14,1.0,4638.247584998433,331.3033989284595,0.02460360000077344,19646.237924992165,100,97,28,14,candidate-shared,"{""q3_survey_layout"": ""hexagon""}",7,full_coverage,3929.247584998433,500.0,97.0,84.0,28.0,True,
local_synthetic,local-3-2026091154-random,holdout,3,2026091154,random,spatial,11,11,1.0,4139.0755237317935,376.2795930665267,0.019598899998527486,16825.37761865897,113,112,25,14,candidate-shared,"{""q3_survey_layout"": ""hexagon""}",7,full_coverage,3365.0755237317944,565.0,112.0,75.0,22.0,True,
local_synthetic,local-3-2026091155-random,holdout,3,2026091155,random,spatial,12,12,1.0,4017.4525019366783,334.7877084947232,0.020363899999210844,16597.262509683394,102,98,22,10,candidate-shared,"{""q3_survey_layout"": ""hexagon""}",7,full_coverage,3319.4525019366793,510.0,98.0,66.0,24.0,True,
local_synthetic,local-3-2026091156-random,holdout,3,2026091156,random,spatial,16,16,1.0,4846.411358605385,302.9007099128366,0.044688600000881706,20697.056793026924,92,89,42,26,candidate-shared,"{""q3_survey_layout"": ""hexagon""}",7,count_upper_bound,4139.4113586053845,460.0,89.0,126.0,32.0,True,
local_synthetic,local-3-2026091157-random,holdout,3,2026091157,random,spatial,14,14,1.0,4612.238478274232,329.44560559101654,0.030083199999353383,19566.19239137116,97,93,31,17,candidate-shared,"{""q3_survey_layout"": ""hexagon""}",7,full_coverage,3913.2384782742324,485.0,93.0,93.0,28.0,True,
local_synthetic,local-3-2026091158-random,holdout,3,2026091158,random,spatial,13,13,1.0,4198.124361962851,322.9326432279116,0.022321300000839983,17625.621809814256,98,94,21,8,candidate-shared,"{""q3_survey_layout"": ""hexagon""}",7,full_coverage,3525.1243619628513,490.0,94.0,63.0,26.0,True,
local_synthetic,local-3-2026091159-random,holdout,3,2026091159,random,spatial,11,11,1.0,5001.090673872123,454.64460671564757,0.028315699999438948,21305.45336936062,98,93,45,34,candidate-shared,"{""q3_survey_layout"": ""hexagon""}",7,full_coverage,4261.090673872124,490.0,93.0,135.0,22.0,True,
local_synthetic,local-3-2026091160-random,holdout,3,2026091160,random,spatial,13,13,1.0,5114.059286273697,393.3891758672074,0.03475860000071407,21845.296431368482,102,98,37,24,candidate-shared,"{""q3_survey_layout"": ""hexagon""}",7,full_coverage,4369.059286273697,510.0,98.0,111.0,26.0,True,
local_synthetic,local-3-2026091161-random,holdout,3,2026091161,random,spatial,12,12,1.0,4309.056490777865,359.08804089815544,0.02804860000105691,17975.28245388933,97,94,37,25,candidate-shared,"{""q3_survey_layout"": ""hexagon""}",7,full_coverage,3595.0564907778657,485.0,94.0,111.0,24.0,True,
local_synthetic,local-3-2026091162-random,holdout,3,2026091162,random,spatial,14,14,1.0,4262.681804449877,304.4772717464198,0.03054610000071989,17538.409022249383,100,95,44,30,candidate-shared,"{""q3_survey_layout"": ""hexagon""}",7,full_coverage,3507.6818044498764,500.0,95.0,132.0,28.0,True,
local_synthetic,local-3-2026091163-random,holdout,3,2026091163,random,spatial,10,10,1.0,4303.153691871961,430.3153691871961,0.02253299999938463,17790.768459359802,109,105,25,15,candidate-shared,"{""q3_survey_layout"": ""hexagon""}",7,full_coverage,3558.1536918719603,545.0,105.0,75.0,20.0,True,
local_synthetic,local-3-2026091164-random,holdout,3,2026091164,random,spatial,11,11,1.0,4182.717768812776,380.24706989207056,0.018241899999338784,16803.588844063874,117,113,34,23,candidate-shared,"{""q3_survey_layout"": ""hexagon""}",7,full_coverage,3360.717768812775,585.0,113.0,102.0,22.0,True,
local_synthetic,local-3-2026091165-random,holdout,3,2026091165,random,spatial,10,10,1.0,4271.259062751637,427.12590627516374,0.018122499999662978,17526.295313758186,111,107,28,18,candidate-shared,"{""q3_survey_layout"": ""hexagon""}",7,full_coverage,3505.2590627516374,555.0,107.0,84.0,20.0,True,
local_synthetic,local-3-2026091166-random,holdout,3,2026091166,random,spatial,16,16,1.0,4907.1266154844225,306.6954134677764,0.026180400000157533,20715.633077422106,107,104,31,15,candidate-shared,"{""q3_survey_layout"": ""hexagon""}",7,count_upper_bound,4143.126615484422,535.0,104.0,93.0,32.0,True,
local_synthetic,local-3-2026091167-random,holdout,3,2026091167,random,spatial,11,11,1.0,4067.814470401003,369.80131549100025,0.018863199999032076,16974.072352005016,100,94,19,8,candidate-shared,"{""q3_survey_layout"": ""hexagon""}",7,full_coverage,3394.814470401003,500.0,94.0,57.0,22.0,True,
local_synthetic,local-3-2026091168-random,holdout,3,2026091168,random,spatial,14,14,1.0,4333.934748069453,309.5667677192467,0.024038200001086807,17919.673740347273,105,101,32,18,candidate-shared,"{""q3_survey_layout"": ""hexagon""}",7,full_coverage,3583.934748069454,525.0,101.0,96.0,28.0,True,
local_synthetic,local-3-2026091169-random,holdout,3,2026091169,random,spatial,10,10,1.0,4379.706370831428,437.97063708314283,0.021294600001056097,18018.531854157143,112,106,30,20,candidate-shared,"{""q3_survey_layout"": ""hexagon""}",7,full_coverage,3603.7063708314286,560.0,106.0,90.0,20.0,True,
local_synthetic,local-3-2026091170-random,holdout,3,2026091170,random,spatial,10,10,1.0,4385.038569543337,438.5038569543337,0.01953030000004219,18320.192847716688,107,103,21,11,candidate-shared,"{""q3_survey_layout"": ""hexagon""}",7,full_coverage,3664.038569543338,535.0,103.0,63.0,20.0,True,
local_synthetic,local-3-2026091171-random,holdout,3,2026091171,random,spatial,16,16,1.0,5470.6332965341835,341.91458103338647,0.03140299999904528,23863.166482670924,98,95,27,11,candidate-shared,"{""q3_survey_layout"": ""hexagon""}",7,count_upper_bound,4772.633296534184,490.0,95.0,81.0,32.0,True,
local_synthetic,local-3-2026091172-random,holdout,3,2026091172,random,spatial,15,15,1.0,5112.515750513734,340.8343833675823,0.019079400000919122,21897.578752568665,106,101,24,9,candidate-shared,"{""q3_survey_layout"": ""hexagon""}",7,full_coverage,4379.515750513733,530.0,101.0,72.0,30.0,True,
local_synthetic,local-3-2026091173-random,holdout,3,2026091173,random,spatial,15,15,1.0,4731.445970406755,315.4297313604503,0.03229789999932109,19907.229852033768,99,96,43,28,candidate-shared,"{""q3_survey_layout"": ""hexagon""}",7,full_coverage,3981.4459704067535,495.0,96.0,129.0,30.0,True,
local_synthetic,local-3-2026091174-random,holdout,3,2026091174,random,spatial,14,14,1.0,4520.532533546677,322.89518096761975,0.040251500000522356,19057.662667733384,96,90,37,23,candidate-shared,"{""q3_survey_layout"": ""hexagon""}",7,full_coverage,3811.532533546677,480.0,90.0,111.0,28.0,True,
local_synthetic,local-3-2026091175-random,holdout,3,2026091175,random,spatial,10,10,1.0,3718.924518773812,371.8924518773812,0.018759900000077323,14699.62259386906,114,111,26,16,candidate-shared,"{""q3_survey_layout"": ""hexagon""}",7,full_coverage,2939.924518773812,570.0,111.0,78.0,20.0,True,
local_synthetic,local-3-2026091176-random,holdout,3,2026091176,random,spatial,16,16,1.0,4939.871760315656,308.7419850197285,0.04047589999936463,20974.358801578266,92,88,55,39,candidate-shared,"{""q3_survey_layout"": ""hexagon""}",6,count_upper_bound,4194.871760315653,460.0,88.0,165.0,32.0,True,
local_synthetic,local-3-2026091177-random,holdout,3,2026091177,random,spatial,12,12,1.0,4319.551167245694,359.96259727047453,0.019419199999902048,17877.755836228473,105,102,31,19,candidate-shared,"{""q3_survey_layout"": ""hexagon""}",7,full_coverage,3575.5511672456946,525.0,102.0,93.0,24.0,True,
local_synthetic,local-3-2026091178-random,holdout,3,2026091178,random,spatial,12,12,1.0,4382.877479070754,365.2397899225628,0.01946940000016184,17954.387395353766,112,109,33,21,candidate-shared,"{""q3_survey_layout"": ""hexagon""}",7,full_coverage,3590.877479070753,560.0,109.0,99.0,24.0,True,
local_synthetic,local-3-2026091179-random,holdout,3,2026091179,random,spatial,14,14,1.0,4506.3305603705885,321.8807543121849,0.05298660000153177,18781.65280185294,95,91,52,38,candidate-shared,"{""q3_survey_layout"": ""hexagon""}",7,full_coverage,3756.330560370588,475.0,91.0,156.0,28.0,True,
local_synthetic,local-3-2026091180-random,holdout,3,2026091180,random,spatial,12,12,1.0,4067.316129475518,338.9430107896265,0.026731600000857725,16636.580647377592,105,101,30,18,candidate-shared,"{""q3_survey_layout"": ""hexagon""}",7,full_coverage,3327.316129475518,525.0,101.0,90.0,24.0,True,
local_synthetic,local-3-2026091181-random,holdout,3,2026091181,random,spatial,11,11,1.0,4333.864269675847,393.98766087962247,0.022775999999794294,17754.32134837923,113,109,29,18,candidate-shared,"{""q3_survey_layout"": ""hexagon""}",7,full_coverage,3550.8642696758466,565.0,109.0,87.0,22.0,True,
local_synthetic,local-3-2026091182-random,holdout,3,2026091182,random,spatial,10,10,1.0,4413.9064206082885,441.39064206082884,0.02044939999905182,18254.532103041434,108,104,33,23,candidate-shared,"{""q3_survey_layout"": ""hexagon""}",7,full_coverage,3650.906420608287,540.0,104.0,99.0,20.0,True,
local_synthetic,local-3-2026091183-random,holdout,3,2026091183,random,spatial,16,16,1.0,4443.646774788286,277.7279234242679,0.031749599998875055,18598.233873941423,95,91,42,26,candidate-shared,"{""q3_survey_layout"": ""hexagon""}",6,count_upper_bound,3719.646774788285,475.0,91.0,126.0,32.0,True,
local_synthetic,local-3-2026091184-random,holdout,3,2026091184,random,spatial,14,14,1.0,4198.120168481951,299.86572632013934,0.03042490000007092,17755.600842409756,89,84,30,16,candidate-shared,"{""q3_survey_layout"": ""hexagon""}",7,full_coverage,3551.120168481951,445.0,84.0,90.0,28.0,True,
local_synthetic,local-3-2026091185-random,holdout,3,2026091185,random,spatial,12,12,1.0,4189.234513740384,349.102876145032,0.02714160000141419,17366.172568701917,96,92,40,28,candidate-shared,"{""q3_survey_layout"": ""hexagon""}",7,full_coverage,3473.234513740383,480.0,92.0,120.0,24.0,True,
local_synthetic,local-3-2026091186-random,holdout,3,2026091186,random,spatial,15,15,1.0,4840.137191367193,322.6758127578129,0.02857150000090769,20870.685956835958,94,91,25,10,candidate-shared,"{""q3_survey_layout"": ""hexagon""}",7,full_coverage,4174.137191367192,470.0,91.0,75.0,30.0,True,
local_synthetic,local-3-2026091187-random,holdout,3,2026091187,random,spatial,11,11,1.0,4173.217057785904,379.38336888962766,0.023603400000865804,17056.08528892952,106,102,36,25,candidate-shared,"{""q3_survey_layout"": ""hexagon""}",7,full_coverage,3411.2170577859038,530.0,102.0,108.0,22.0,True,
local_synthetic,local-3-2026091188-random,holdout,3,2026091188,random,spatial,15,15,1.0,4944.668608578377,329.6445739052251,0.035088399999949615,20838.343042891873,101,98,48,33,candidate-shared,"{""q3_survey_layout"": ""hexagon""}",7,full_coverage,4167.668608578375,505.0,98.0,144.0,30.0,True,
local_synthetic,local-3-2026091189-random,holdout,3,2026091189,random,spatial,13,13,1.0,4548.296611886391,349.86897014510697,0.025448899999901187,18926.48305943195,106,102,35,22,candidate-shared,"{""q3_survey_layout"": ""hexagon""}",7,full_coverage,3785.29661188639,530.0,102.0,105.0,26.0,True,
local_synthetic,local-3-2026091190-random,holdout,3,2026091190,random,spatial,12,12,1.0,3996.1349833624618,333.0112486135385,0.02842609999970591,16050.67491681231,109,103,38,26,candidate-shared,"{""q3_survey_layout"": ""hexagon""}",7,full_coverage,3210.1349833624618,545.0,103.0,114.0,24.0,True,
local_synthetic,local-3-2026091191-random,holdout,3,2026091191,random,spatial,13,13,1.0,4591.054585310615,353.15804502389346,0.02054869999847142,19455.272926553076,102,95,23,10,candidate-shared,"{""q3_survey_layout"": ""hexagon""}",7,full_coverage,3891.054585310615,510.0,95.0,69.0,26.0,True,
local_synthetic,local-3-2026091192-random,holdout,3,2026091192,random,spatial,16,16,1.0,5159.028327523063,322.43927047019145,0.025712800001201686,22325.14163761532,97,93,28,12,candidate-shared,"{""q3_survey_layout"": ""hexagon""}",7,count_upper_bound,4465.028327523064,485.0,93.0,84.0,32.0,True,
local_synthetic,local-3-2026091193-random,holdout,3,2026091193,random,spatial,13,13,1.0,4032.6761549980674,310.2058580767744,0.0333468000007997,16478.380774990335,101,95,37,24,candidate-shared,"{""q3_survey_layout"": ""hexagon""}",7,full_coverage,3295.6761549980674,505.0,95.0,111.0,26.0,True,
local_synthetic,local-3-2026091194-random,holdout,3,2026091194,random,spatial,11,11,1.0,4541.223310848686,412.838482804426,0.040651199999047094,18646.11655424342,101,96,63,52,candidate-shared,"{""q3_survey_layout"": ""hexagon""}",7,full_coverage,3729.2233108486844,505.0,96.0,189.0,22.0,True,
local_synthetic,local-3-2026091195-random,holdout,3,2026091195,random,spatial,14,14,1.0,4381.653905640823,312.97527897434446,0.023521699999037082,18118.26952820411,109,104,27,13,candidate-shared,"{""q3_survey_layout"": ""hexagon""}",7,full_coverage,3623.653905640822,545.0,104.0,81.0,28.0,True,
local_synthetic,local-3-2026091196-random,holdout,3,2026091196,random,spatial,11,11,1.0,3855.5261391022505,350.5023762820228,0.02812869999979739,15192.63069551125,108,105,50,39,candidate-shared,"{""q3_survey_layout"": ""hexagon""}",7,full_coverage,3038.52613910225,540.0,105.0,150.0,22.0,True,
local_synthetic,local-3-2026091197-random,holdout,3,2026091197,random,spatial,13,13,1.0,4447.427250237356,342.10978847979663,0.02600930000153312,18537.136251186774,104,95,33,20,candidate-shared,"{""q3_survey_layout"": ""hexagon""}",7,full_coverage,3707.4272502373547,520.0,95.0,99.0,26.0,True,
local_synthetic,local-3-2026091198-random,holdout,3,2026091198,random,spatial,15,15,1.0,5288.6728993611705,352.5781932907447,0.04103849999955855,23038.364496805858,89,86,40,25,candidate-shared,"{""q3_survey_layout"": ""hexagon""}",7,full_coverage,4607.672899361171,445.0,86.0,120.0,30.0,True,
local_synthetic,local-3-2026091199-random,holdout,3,2026091199,random,spatial,15,15,1.0,4990.28928897833,332.68595259855533,0.038666700000248966,21336.446444891644,91,88,50,35,candidate-shared,"{""q3_survey_layout"": ""hexagon""}",7,full_coverage,4267.289288978329,455.0,88.0,150.0,30.0,True,
local_synthetic,local-3-2026092100-boundary,stress,3,2026092100,boundary,constant,13,13,1.0,4763.070628616989,366.390048355153,0.01394840000102704,19830.353143084936,120,114,19,6,candidate-shared,"{""q3_survey_layout"": ""hexagon""}",7,full_coverage,3966.070628616987,600.0,114.0,57.0,26.0,True,
local_synthetic,local-3-2026092101-boundary,stress,3,2026092101,boundary,constant,11,11,1.0,4637.196839056504,421.5633490051368,0.01691690000006929,18955.984195282523,125,121,26,15,candidate-shared,"{""q3_survey_layout"": ""hexagon""}",7,full_coverage,3791.196839056505,625.0,121.0,78.0,22.0,True,
local_synthetic,local-3-2026092102-boundary,stress,3,2026092102,boundary,constant,15,15,1.0,4657.043728738881,310.4695819159254,0.01985409999906551,19215.218643694403,120,115,23,8,candidate-shared,"{""q3_survey_layout"": ""hexagon""}",7,full_coverage,3843.0437287388804,600.0,115.0,69.0,30.0,True,
local_synthetic,local-3-2026092103-boundary,stress,3,2026092103,boundary,constant,11,11,1.0,3821.6863238726773,347.4260294429707,0.010709700000006706,14883.43161936339,131,126,14,3,candidate-shared,"{""q3_survey_layout"": ""hexagon""}",7,full_coverage,2976.686323872678,655.0,126.0,42.0,22.0,True,
local_synthetic,local-3-2026092104-boundary,stress,3,2026092104,boundary,constant,15,15,1.0,4392.689771501453,292.84598476676354,0.021708100000978447,17593.448857507265,131,126,21,6,candidate-shared,"{""q3_survey_layout"": ""hexagon""}",7,full_coverage,3518.689771501453,655.0,126.0,63.0,30.0,True,
local_synthetic,local-3-2026092105-boundary,stress,3,2026092105,boundary,constant,14,14,1.0,4926.076123186682,351.86258022762013,0.021345199998904718,20595.380615933405,120,116,21,7,candidate-shared,"{""q3_survey_layout"": ""hexagon""}",7,full_coverage,4119.076123186681,600.0,116.0,63.0,28.0,True,
local_synthetic,local-3-2026092106-boundary,stress,3,2026092106,boundary,constant,13,13,1.0,4787.8847730398975,368.29882869537676,0.01974069999960193,19429.42386519949,137,131,20,7,candidate-shared,"{""q3_survey_layout"": ""hexagon""}",7,full_coverage,3885.8847730398975,685.0,131.0,60.0,26.0,True,
local_synthetic,local-3-2026092107-boundary,stress,3,2026092107,boundary,constant,11,11,1.0,4303.51620912693,391.2287462842664,0.012114699999074219,17452.581045634655,125,121,15,4,candidate-shared,"{""q3_survey_layout"": ""hexagon""}",7,full_coverage,3490.5162091269312,625.0,121.0,45.0,22.0,True,
local_synthetic,local-3-2026092108-boundary,stress,3,2026092108,boundary,constant,14,14,1.0,4677.81086759914,334.1293476856528,0.02051480000045558,19254.054337995698,123,118,22,8,candidate-shared,"{""q3_survey_layout"": ""hexagon""}",7,full_coverage,3850.81086759914,615.0,118.0,66.0,28.0,True,
local_synthetic,local-3-2026092109-boundary,stress,3,2026092109,boundary,constant,13,13,1.0,4853.323059528206,373.3325430406312,0.013133399999787798,20316.615297641023,121,117,14,1,candidate-shared,"{""q3_survey_layout"": ""hexagon""}",7,full_coverage,4063.323059528205,605.0,117.0,42.0,26.0,True,
local_synthetic,local-3-2026092200-radius_min,stress,3,2026092200,radius_min,spatial,14,14,1.0,4395.689303682399,313.9778074058857,0.01883319999978994,18448.446518411994,103,100,21,7,candidate-shared,"{""q3_survey_layout"": ""hexagon""}",7,full_coverage,3689.689303682399,515.0,100.0,63.0,28.0,True,
local_synthetic,local-3-2026092201-radius_min,stress,3,2026092201,radius_min,spatial,10,10,1.0,4163.11260040364,416.31126004036395,0.017555000000356813,17250.5630020182,107,101,19,9,candidate-shared,"{""q3_survey_layout"": ""hexagon""}",7,full_coverage,3450.1126004036396,535.0,101.0,57.0,20.0,True,
local_synthetic,local-3-2026092202-radius_min,stress,3,2026092202,radius_min,spatial,13,13,1.0,5145.464442468429,395.8049571129561,0.024162300000170944,21697.322212342147,118,115,25,12,candidate-shared,"{""q3_survey_layout"": ""hexagon""}",7,full_coverage,4339.464442468429,590.0,115.0,75.0,26.0,True,
local_synthetic,local-3-2026092203-radius_min,stress,3,2026092203,radius_min,spatial,16,16,1.0,4286.206604513652,267.88791278210323,0.029957300001115073,18166.033022568256,90,87,28,12,candidate-shared,"{""q3_survey_layout"": ""hexagon""}",6,count_upper_bound,3633.206604513651,450.0,87.0,84.0,32.0,True,
local_synthetic,local-3-2026092204-radius_min,stress,3,2026092204,radius_min,spatial,13,13,1.0,4386.260482257133,337.4046524813179,0.01851159999932861,18011.302411285666,116,112,22,9,candidate-shared,"{""q3_survey_layout"": ""hexagon""}",7,full_coverage,3602.260482257133,580.0,112.0,66.0,26.0,True,
local_synthetic,local-3-2026092205-radius_min,stress,3,2026092205,radius_min,spatial,15,15,1.0,5006.492079623628,333.7661386415752,0.0242526000001817,21337.46039811813,105,100,28,13,candidate-shared,"{""q3_survey_layout"": ""hexagon""}",7,full_coverage,4267.4920796236265,525.0,100.0,84.0,30.0,True,
local_synthetic,local-3-2026092206-radius_min,stress,3,2026092206,radius_min,spatial,13,13,1.0,4516.983753708768,347.46028874682827,0.01951560000088648,18779.918768543837,114,111,18,5,candidate-shared,"{""q3_survey_layout"": ""hexagon""}",7,full_coverage,3755.9837537087674,570.0,111.0,54.0,26.0,True,
local_synthetic,local-3-2026092207-radius_min,stress,3,2026092207,radius_min,spatial,13,13,1.0,4827.475010211236,371.34423155471046,0.018619799999214592,20587.37505105618,104,101,21,8,candidate-shared,"{""q3_survey_layout"": ""hexagon""}",7,full_coverage,4117.475010211236,520.0,101.0,63.0,26.0,True,
local_synthetic,local-3-2026092208-radius_min,stress,3,2026092208,radius_min,spatial,16,16,1.0,5057.5597140786285,316.0974821299143,0.01767389999986335,21812.79857039314,102,99,18,2,candidate-shared,"{""q3_survey_layout"": ""hexagon""}",7,count_upper_bound,4362.5597140786285,510.0,99.0,54.0,32.0,True,
local_synthetic,local-3-2026092209-radius_min,stress,3,2026092209,radius_min,spatial,13,13,1.0,4397.163024291054,338.2433095608503,0.016554799998630187,18395.815121455274,107,100,19,6,candidate-shared,"{""q3_survey_layout"": ""hexagon""}",7,full_coverage,3679.1630242910546,535.0,100.0,57.0,26.0,True,
local_synthetic,local-3-2026092300-cluster,stress,3,2026092300,cluster,smooth,13,13,1.0,2992.514069017591,230.19338992443005,0.018606399999043788,12372.570345087954,75,69,16,3,candidate-shared,"{""q3_survey_layout"": ""hexagon""}",7,full_coverage,2474.514069017591,375.0,69.0,48.0,26.0,True,
local_synthetic,local-3-2026092301-cluster,stress,3,2026092301,cluster,smooth,10,10,1.0,3073.8565118958954,307.38565118958957,0.014840600000752602,12329.282559479478,90,84,18,8,candidate-shared,"{""q3_survey_layout"": ""hexagon""}",7,full_coverage,2465.8565118958954,450.0,84.0,54.0,20.0,True,
local_synthetic,local-3-2026092302-cluster,stress,3,2026092302,cluster,smooth,15,15,1.0,2950.7563437544604,196.7170895836307,0.023197100001198123,12383.781718772305,65,59,20,5,candidate-shared,"{""q3_survey_layout"": ""hexagon""}",7,full_coverage,2476.756343754461,325.0,59.0,60.0,30.0,True,
local_synthetic,local-3-2026092303-cluster,stress,3,2026092303,cluster,smooth,13,13,1.0,3047.3309546434934,234.41007343411488,0.02706910000051721,12586.654773217466,75,69,20,7,candidate-shared,"{""q3_survey_layout"": ""hexagon""}",7,full_coverage,2517.330954643493,375.0,69.0,60.0,26.0,True,
local_synthetic,local-3-2026092304-cluster,stress,3,2026092304,cluster,smooth,15,15,1.0,2965.622557971579,197.7081705314386,0.021836899999470916,12458.112789857894,65,59,20,5,candidate-shared,"{""q3_survey_layout"": ""hexagon""}",7,full_coverage,2491.6225579715788,325.0,59.0,60.0,30.0,True,
local_synthetic,local-3-2026092305-cluster,stress,3,2026092305,cluster,smooth,10,10,1.0,3025.3404634642643,302.5340463464264,0.01445410000087577,12191.702317321324,90,84,11,1,candidate-shared,"{""q3_survey_layout"": ""hexagon""}",7,full_coverage,2438.3404634642648,450.0,84.0,33.0,20.0,True,
local_synthetic,local-3-2026092306-cluster,stress,3,2026092306,cluster,smooth,13,13,1.0,3017.8535408436555,232.14258006489658,0.02008869999917806,12484.267704218277,75,69,17,4,candidate-shared,"{""q3_survey_layout"": ""hexagon""}",7,full_coverage,2496.8535408436555,375.0,69.0,51.0,26.0,True,
local_synthetic,local-3-2026092307-cluster,stress,3,2026092307,cluster,smooth,15,15,1.0,2930.903395569683,195.39355970464555,0.021507300001758267,12329.516977848416,65,59,17,2,candidate-shared,"{""q3_survey_layout"": ""hexagon""}",7,full_coverage,2465.903395569683,325.0,59.0,51.0,30.0,True,
local_synthetic,local-3-2026092308-cluster,stress,3,2026092308,cluster,smooth,12,12,1.0,3034.2332664979235,252.8527722081603,0.02103229999920586,12381.166332489618,80,74,20,8,candidate-shared,"{""q3_survey_layout"": ""hexagon""}",7,full_coverage,2476.2332664979235,400.0,74.0,60.0,24.0,True,
local_synthetic,local-3-2026092309-cluster,stress,3,2026092309,cluster,smooth,13,13,1.0,3042.3854782829485,234.02965217561143,0.024970499998744344,12576.927391414742,75,69,19,6,candidate-shared,"{""q3_survey_layout"": ""hexagon""}",7,full_coverage,2515.3854782829485,375.0,69.0,57.0,26.0,True,
local_synthetic,local-4-2026093100-boundary,q4_regression,4,2026093100,boundary,constant,11,11,1.0,13950.603471590879,1268.2366792355344,0.16212780000023486,45343.01735795442,753,711,128,117,candidate-shared,"{""q3_survey_layout"": ""hexagon""}",49,full_coverage,9068.603471590885,3765.0,711.0,384.0,22.0,True,
local_synthetic,local-4-2026093101-boundary,q4_regression,4,2026093101,boundary,constant,16,16,1.0,14926.837776744787,932.9273610465492,0.2699649000005593,50174.18888372398,698,650,240,224,candidate-shared,"{""q3_survey_layout"": ""hexagon""}",46,count_upper_bound,10034.837776744796,3490.0,650.0,720.0,32.0,True,
local_synthetic,local-4-2026093102-boundary,q4_regression,4,2026093102,boundary,constant,12,12,1.0,14436.183640125602,1203.0153033438003,0.19729870000082883,50340.91820062803,644,599,175,163,candidate-shared,"{""q3_survey_layout"": ""hexagon""}",49,full_coverage,10068.183640125606,3220.0,599.0,525.0,24.0,True,
local_synthetic,local-4-2026093103-boundary,q4_regression,4,2026093103,boundary,constant,10,10,1.0,13674.04853345002,1367.404853345002,0.14162120000037248,43945.24266725012,754,708,129,119,candidate-shared,"{""q3_survey_layout"": ""hexagon""}",49,full_coverage,8789.048533450023,3770.0,708.0,387.0,20.0,True,
local_synthetic,local-4-2026093104-boundary,q4_regression,4,2026093104,boundary,constant,16,16,1.0,12969.807622200575,810.6129763875359,0.20195439999952214,44004.0381110029,632,593,128,112,candidate-shared,"{""q3_survey_layout"": ""hexagon""}",44,count_upper_bound,8800.80762220058,3160.0,593.0,384.0,32.0,True,
local_synthetic,local-4-2026093105-all_directional,q4_regression,4,2026093105,all_directional,constant,11,11,1.0,15604.084583157624,1418.5531439234203,0.18457759999910195,52380.422915788135,681,639,354,343,candidate-shared,"{""q3_survey_layout"": ""hexagon""}",49,full_coverage,10476.084583157626,3405.0,639.0,1062.0,22.0,True,
local_synthetic,local-4-2026093106-all_directional,q4_regression,4,2026093106,all_directional,constant,13,13,1.0,13186.916364025832,1014.3781818481409,0.1384321000005002,45694.58182012917,613,567,130,117,candidate-shared,"{""q3_survey_layout"": ""hexagon""}",49,full_coverage,9138.916364025834,3065.0,567.0,390.0,26.0,True,
local_synthetic,local-4-2026093107-all_directional,q4_regression,4,2026093107,all_directional,constant,10,10,1.0,14054.105076003512,1405.4105076003511,0.15304609999839158,47055.52538001757,663,618,230,220,candidate-shared,"{""q3_survey_layout"": ""hexagon""}",49,full_coverage,9411.105076003514,3315.0,618.0,690.0,20.0,True,
local_synthetic,local-4-2026093108-all_directional,q4_regression,4,2026093108,all_directional,constant,12,12,1.0,14858.467104306601,1238.20559202555,0.15647379999973055,51072.335521533016,629,587,296,284,candidate-shared,"{""q3_survey_layout"": ""hexagon""}",49,full_coverage,10214.467104306603,3145.0,587.0,888.0,24.0,True,
local_synthetic,local-4-2026093109-all_directional,q4_regression,4,2026093109,all_directional,constant,16,16,1.0,14159.484997772925,884.9678123608078,0.20664720000058878,49452.42498886466,519,490,384,368,candidate-shared,"{""q3_survey_layout"": ""hexagon""}",40,count_upper_bound,9890.484997772932,2595.0,490.0,1152.0,32.0,True,
